0,Class
-50342257240530.0,Kirmizi_Pistachio
-50342257240530.0,Kirmizi_Pistachio
-50342257240530.0,Kirmizi_Pistachio
-50342257240530.0,Kirmizi_Pistachio
-50342257240530.0,Kirmizi_Pistachio
-50342257240530.0,Kirmizi_Pistachio
-50342257240530.0,Kirmizi_Pistachio
-50342257240530.0,Kirmizi_Pistachio
-50342257240530.0,Kirmizi_Pistachio
-50342257240530.0,Kirmizi_Pistachio
-50342257240530.0,Kirmizi_Pistachio
-50342257240530.0,Kirmizi_Pistachio
-50342257240530.0,Kirmizi_Pistachio
-50342257240530.0,Kirmizi_Pistachio
-50342257240530.0,Kirmizi_Pistachio
-50342257240530.0,Kirmizi_Pistachio
-50342257240530.0,Kirmizi_Pistachio
-50342257240530.0,Kirmizi_Pistachio
-50342257240530.0,Kirmizi_Pistachio
-50342257240530.0,Kirmizi_Pistachio
-50342257240530.0,Kirmizi_Pistachio
-50342257240530.0,Kirmizi_Pistachio
-50342257240530.0,Kirmizi_Pistachio
-50342257240530.0,Kirmizi_Pistachio
-50342257240530.0,Kirmizi_Pistachio
-50342257240530.0,Kirmizi_Pistachio
-50342257240530.0,Kirmizi_Pistachio
-50342257240530.0,Kirmizi_Pistachio
-50342257240530.0,Kirmizi_Pistachio
-50342257240530.0,Kirmizi_Pistachio
-50342257240530.0,Kirmizi_Pistachio
-50342257240530.0,Kirmizi_Pistachio
-50342257240530.0,Kirmizi_Pistachio
-50342257240530.0,Kirmizi_Pistachio
-50342257240530.0,Kirmizi_Pistachio
-50342257240530.0,Kirmizi_Pistachio
-50342257240530.0,Kirmizi_Pistachio
-50342257240530.0,Kirmizi_Pistachio
-50342257240530.0,Kirmizi_Pistachio
-50342257240530.0,Kirmizi_Pistachio
-50342257240530.0,Kirmizi_Pistachio
-50342257240530.0,Kirmizi_Pistachio
-50342257240530.0,Kirmizi_Pistachio
-50342257240530.0,Kirmizi_Pistachio
-50342257240530.0,Kirmizi_Pistachio
-50342257240530.0,Kirmizi_Pistachio
-50342257240530.0,Kirmizi_Pistachio
-50342257240530.0,Kirmizi_Pistachio
-50342257240530.0,Kirmizi_Pistachio
-50342257240530.0,Kirmizi_Pistachio
-50342257240530.0,Kirmizi_Pistachio
-50342257240530.0,Kirmizi_Pistachio
-50342257240530.0,Kirmizi_Pistachio
-50342257240530.0,Kirmizi_Pistachio
-50342257240530.0,Kirmizi_Pistachio
-50342257240530.0,Kirmizi_Pistachio
-50342257240530.0,Kirmizi_Pistachio
-50342257240530.0,Kirmizi_Pistachio
-50342257240530.0,Kirmizi_Pistachio
-50342257240530.0,Kirmizi_Pistachio
-50342257240530.0,Kirmizi_Pistachio
-50342257240530.0,Kirmizi_Pistachio
-50342257240530.0,Kirmizi_Pistachio
-50342257240530.0,Kirmizi_Pistachio
-50342257240530.0,Kirmizi_Pistachio
-50342257240530.0,Kirmizi_Pistachio
-50342257240530.0,Kirmizi_Pistachio
-50342257240530.0,Kirmizi_Pistachio
-50342257240530.0,Kirmizi_Pistachio
-50342257240530.0,Kirmizi_Pistachio
-50342257240530.0,Kirmizi_Pistachio
-50342257240530.0,Kirmizi_Pistachio
-50342257240530.0,Kirmizi_Pistachio
-50342257240530.0,Kirmizi_Pistachio
-50342257240530.0,Kirmizi_Pistachio
-50342257240530.0,Kirmizi_Pistachio
-50342257240530.0,Kirmizi_Pistachio
-50342257240530.0,Kirmizi_Pistachio
-50342257240530.0,Kirmizi_Pistachio
-50342257240530.0,Kirmizi_Pistachio
-50342257240530.0,Kirmizi_Pistachio
-50342257240530.0,Kirmizi_Pistachio
-50342257240530.0,Kirmizi_Pistachio
-50342257240530.0,Kirmizi_Pistachio
-50342257240530.0,Kirmizi_Pistachio
-50342257240530.0,Kirmizi_Pistachio
-50342257240530.0,Kirmizi_Pistachio
-50342257240530.0,Kirmizi_Pistachio
-50342257240530.0,Kirmizi_Pistachio
-50342257240530.0,Kirmizi_Pistachio
-50342257240530.0,Kirmizi_Pistachio
-50342257240530.0,Kirmizi_Pistachio
-50342257240530.0,Kirmizi_Pistachio
-50342257240530.0,Kirmizi_Pistachio
-50342257240530.0,Kirmizi_Pistachio
-50342257240530.0,Kirmizi_Pistachio
-50342257240530.0,Kirmizi_Pistachio
-50342257240530.0,Kirmizi_Pistachio
-50342257240530.0,Kirmizi_Pistachio
-50342257240530.0,Kirmizi_Pistachio
-50342257240530.0,Kirmizi_Pistachio
-50342257240530.0,Kirmizi_Pistachio
-50342257240530.0,Kirmizi_Pistachio
-50342257240530.0,Kirmizi_Pistachio
-50342257240530.0,Kirmizi_Pistachio
-50342257240530.0,Kirmizi_Pistachio
-50342257240530.0,Kirmizi_Pistachio
-50342257240530.0,Kirmizi_Pistachio
-50342257240530.0,Kirmizi_Pistachio
-50342257240530.0,Kirmizi_Pistachio
-50342257240530.0,Kirmizi_Pistachio
-50342257240530.0,Kirmizi_Pistachio
-50342257240530.0,Kirmizi_Pistachio
-50342257240530.0,Kirmizi_Pistachio
-50342257240530.0,Kirmizi_Pistachio
-50342257240530.0,Kirmizi_Pistachio
-50342257240530.0,Kirmizi_Pistachio
-50342257240530.0,Kirmizi_Pistachio
-50342257240530.0,Kirmizi_Pistachio
-50342257240530.0,Kirmizi_Pistachio
-50342257240530.0,Kirmizi_Pistachio
-50342257240530.0,Kirmizi_Pistachio
-50342257240530.0,Kirmizi_Pistachio
-50342257240530.0,Kirmizi_Pistachio
-50342257240530.0,Kirmizi_Pistachio
-50342257240530.0,Kirmizi_Pistachio
-50342257240530.0,Kirmizi_Pistachio
-50342257240530.0,Kirmizi_Pistachio
-50342257240530.0,Kirmizi_Pistachio
-50342257240530.0,Kirmizi_Pistachio
-50342257240530.0,Kirmizi_Pistachio
-50342257240530.0,Kirmizi_Pistachio
-50342257240530.0,Kirmizi_Pistachio
-50342257240530.0,Kirmizi_Pistachio
-50342257240530.0,Kirmizi_Pistachio
-50342257240530.0,Kirmizi_Pistachio
-50342257240530.0,Kirmizi_Pistachio
-50342257240530.0,Kirmizi_Pistachio
-50342257240530.0,Kirmizi_Pistachio
-50342257240530.0,Kirmizi_Pistachio
-50342257240530.0,Kirmizi_Pistachio
-50342257240530.0,Kirmizi_Pistachio
-50342257240530.0,Kirmizi_Pistachio
-50342257240530.0,Kirmizi_Pistachio
-50342257240530.0,Kirmizi_Pistachio
-50342257240530.0,Kirmizi_Pistachio
-50342257240530.0,Kirmizi_Pistachio
-50342257240530.0,Kirmizi_Pistachio
-50342257240530.0,Kirmizi_Pistachio
-50342257240530.0,Kirmizi_Pistachio
-50342257240530.0,Kirmizi_Pistachio
-50342257240530.0,Kirmizi_Pistachio
-50342257240530.0,Kirmizi_Pistachio
-50342257240530.0,Kirmizi_Pistachio
-50342257240530.0,Kirmizi_Pistachio
-50342257240530.0,Kirmizi_Pistachio
-50342257240530.0,Kirmizi_Pistachio
-50342257240530.0,Kirmizi_Pistachio
-50342257240530.0,Kirmizi_Pistachio
-50342257240530.0,Kirmizi_Pistachio
-50342257240530.0,Kirmizi_Pistachio
-50342257240530.0,Kirmizi_Pistachio
-50342257240530.0,Kirmizi_Pistachio
-50342257240530.0,Kirmizi_Pistachio
-50342257240530.0,Kirmizi_Pistachio
-50342257240530.0,Kirmizi_Pistachio
-50342257240530.0,Kirmizi_Pistachio
-50342257240530.0,Kirmizi_Pistachio
-50342257240530.0,Kirmizi_Pistachio
-50342257240530.0,Kirmizi_Pistachio
-50342257240530.0,Kirmizi_Pistachio
-50342257240530.0,Kirmizi_Pistachio
-50342257240530.0,Kirmizi_Pistachio
-50342257240530.0,Kirmizi_Pistachio
-50342257240530.0,Kirmizi_Pistachio
-50342257240530.0,Kirmizi_Pistachio
-50342257240530.0,Kirmizi_Pistachio
-50342257240530.0,Kirmizi_Pistachio
-50342257240530.0,Kirmizi_Pistachio
-50342257240530.0,Kirmizi_Pistachio
-50342257240530.0,Kirmizi_Pistachio
-50342257240530.0,Kirmizi_Pistachio
-50342257240530.0,Kirmizi_Pistachio
-50342257240530.0,Kirmizi_Pistachio
-50342257240530.0,Kirmizi_Pistachio
-50342257240530.0,Kirmizi_Pistachio
-50342257240530.0,Kirmizi_Pistachio
-50342257240530.0,Kirmizi_Pistachio
-50342257240530.0,Kirmizi_Pistachio
-50342257240530.0,Kirmizi_Pistachio
-50342257240530.0,Kirmizi_Pistachio
-50342257240530.0,Kirmizi_Pistachio
-50342257240530.0,Kirmizi_Pistachio
-50342257240530.0,Kirmizi_Pistachio
-50342257240530.0,Kirmizi_Pistachio
-50342257240530.0,Kirmizi_Pistachio
-50342257240530.0,Kirmizi_Pistachio
-50342257240530.0,Kirmizi_Pistachio
-50342257240530.0,Kirmizi_Pistachio
-50342257240530.0,Kirmizi_Pistachio
-50342257240530.0,Kirmizi_Pistachio
-50342257240530.0,Kirmizi_Pistachio
-50342257240530.0,Kirmizi_Pistachio
-50342257240530.0,Kirmizi_Pistachio
-50342257240530.0,Kirmizi_Pistachio
-50342257240530.0,Kirmizi_Pistachio
-50342257240530.0,Kirmizi_Pistachio
-50342257240530.0,Kirmizi_Pistachio
-50342257240530.0,Kirmizi_Pistachio
-50342257240530.0,Kirmizi_Pistachio
-50342257240530.0,Kirmizi_Pistachio
-50342257240530.0,Kirmizi_Pistachio
-50342257240530.0,Kirmizi_Pistachio
-50342257240530.0,Kirmizi_Pistachio
-50342257240530.0,Kirmizi_Pistachio
-50342257240530.0,Kirmizi_Pistachio
-50342257240530.0,Kirmizi_Pistachio
-50342257240530.0,Kirmizi_Pistachio
-50342257240530.0,Kirmizi_Pistachio
-50342257240530.0,Kirmizi_Pistachio
-50342257240530.0,Kirmizi_Pistachio
-50342257240530.0,Kirmizi_Pistachio
-50342257240530.0,Kirmizi_Pistachio
-50342257240530.0,Kirmizi_Pistachio
-50342257240530.0,Kirmizi_Pistachio
-50342257240530.0,Kirmizi_Pistachio
-50342257240530.0,Kirmizi_Pistachio
-50342257240530.0,Kirmizi_Pistachio
-50342257240530.0,Kirmizi_Pistachio
-50342257240530.0,Kirmizi_Pistachio
-50342257240530.0,Kirmizi_Pistachio
-50342257240530.0,Kirmizi_Pistachio
-50342257240530.0,Kirmizi_Pistachio
-50342257240530.0,Kirmizi_Pistachio
-50342257240530.0,Kirmizi_Pistachio
-50342257240530.0,Kirmizi_Pistachio
-50342257240530.0,Kirmizi_Pistachio
-50342257240530.0,Kirmizi_Pistachio
-50342257240530.0,Kirmizi_Pistachio
-50342257240530.0,Kirmizi_Pistachio
-50342257240530.0,Kirmizi_Pistachio
-50342257240530.0,Kirmizi_Pistachio
-50342257240530.0,Kirmizi_Pistachio
-50342257240530.0,Kirmizi_Pistachio
-50342257240530.0,Kirmizi_Pistachio
-50342257240530.0,Kirmizi_Pistachio
-50342257240530.0,Kirmizi_Pistachio
-50342257240530.0,Kirmizi_Pistachio
-50342257240530.0,Kirmizi_Pistachio
-50342257240530.0,Kirmizi_Pistachio
-50342257240530.0,Kirmizi_Pistachio
-50342257240530.0,Kirmizi_Pistachio
-50342257240530.0,Kirmizi_Pistachio
-50342257240530.0,Kirmizi_Pistachio
-50342257240530.0,Kirmizi_Pistachio
-50342257240530.0,Kirmizi_Pistachio
-50342257240530.0,Kirmizi_Pistachio
-50342257240530.0,Kirmizi_Pistachio
-50342257240530.0,Kirmizi_Pistachio
-50342257240530.0,Kirmizi_Pistachio
-50342257240530.0,Kirmizi_Pistachio
-50342257240530.0,Kirmizi_Pistachio
-50342257240530.0,Kirmizi_Pistachio
-50342257240530.0,Kirmizi_Pistachio
-50342257240530.0,Kirmizi_Pistachio
-50342257240530.0,Kirmizi_Pistachio
-50342257240530.0,Kirmizi_Pistachio
-50342257240530.0,Kirmizi_Pistachio
-50342257240530.0,Kirmizi_Pistachio
-50342257240530.0,Kirmizi_Pistachio
-50342257240530.0,Kirmizi_Pistachio
-50342257240530.0,Kirmizi_Pistachio
-50342257240530.0,Kirmizi_Pistachio
-50342257240530.0,Kirmizi_Pistachio
-50342257240530.0,Kirmizi_Pistachio
-50342257240530.0,Kirmizi_Pistachio
-50342257240530.0,Kirmizi_Pistachio
-50342257240530.0,Kirmizi_Pistachio
-50342257240530.0,Kirmizi_Pistachio
-50342257240530.0,Kirmizi_Pistachio
-50342257240530.0,Kirmizi_Pistachio
-50342257240530.0,Kirmizi_Pistachio
-50342257240530.0,Kirmizi_Pistachio
-50342257240530.0,Kirmizi_Pistachio
-50342257240530.0,Kirmizi_Pistachio
-50342257240530.0,Kirmizi_Pistachio
-50342257240530.0,Kirmizi_Pistachio
-50342257240530.0,Kirmizi_Pistachio
-50342257240530.0,Kirmizi_Pistachio
-50342257240530.0,Kirmizi_Pistachio
-50342257240530.0,Kirmizi_Pistachio
-50342257240530.0,Kirmizi_Pistachio
-50342257240530.0,Kirmizi_Pistachio
-50342257240530.0,Kirmizi_Pistachio
-50342257240530.0,Kirmizi_Pistachio
-50342257240530.0,Kirmizi_Pistachio
-50342257240530.0,Kirmizi_Pistachio
-50342257240530.0,Kirmizi_Pistachio
-50342257240530.0,Kirmizi_Pistachio
-50342257240530.0,Kirmizi_Pistachio
-50342257240530.0,Kirmizi_Pistachio
-50342257240530.0,Kirmizi_Pistachio
-50342257240530.0,Kirmizi_Pistachio
-50342257240530.0,Kirmizi_Pistachio
-50342257240530.0,Kirmizi_Pistachio
-50342257240530.0,Kirmizi_Pistachio
-50342257240530.0,Kirmizi_Pistachio
-50342257240530.0,Kirmizi_Pistachio
-50342257240530.0,Kirmizi_Pistachio
-50342257240530.0,Kirmizi_Pistachio
-50342257240530.0,Kirmizi_Pistachio
-50342257240530.0,Kirmizi_Pistachio
-50342257240530.0,Kirmizi_Pistachio
-50342257240530.0,Kirmizi_Pistachio
-50342257240530.0,Kirmizi_Pistachio
-50342257240530.0,Kirmizi_Pistachio
-50342257240530.0,Kirmizi_Pistachio
-50342257240530.0,Kirmizi_Pistachio
-50342257240530.0,Kirmizi_Pistachio
-50342257240530.0,Kirmizi_Pistachio
-50342257240530.0,Kirmizi_Pistachio
-50342257240530.0,Kirmizi_Pistachio
-50342257240530.0,Kirmizi_Pistachio
-50342257240530.0,Kirmizi_Pistachio
-50342257240530.0,Kirmizi_Pistachio
-50342257240530.0,Kirmizi_Pistachio
-50342257240530.0,Kirmizi_Pistachio
-50342257240530.0,Kirmizi_Pistachio
-50342257240530.0,Kirmizi_Pistachio
-50342257240530.0,Kirmizi_Pistachio
-50342257240530.0,Kirmizi_Pistachio
-50342257240530.0,Kirmizi_Pistachio
-50342257240530.0,Kirmizi_Pistachio
-50342257240530.0,Kirmizi_Pistachio
-50342257240530.0,Kirmizi_Pistachio
-50342257240530.0,Kirmizi_Pistachio
-50342257240530.0,Kirmizi_Pistachio
-50342257240530.0,Kirmizi_Pistachio
-50342257240530.0,Kirmizi_Pistachio
-50342257240530.0,Kirmizi_Pistachio
-50342257240530.0,Kirmizi_Pistachio
-50342257240530.0,Kirmizi_Pistachio
-50342257240530.0,Kirmizi_Pistachio
-50342257240530.0,Kirmizi_Pistachio
-50342257240530.0,Kirmizi_Pistachio
-50342257240530.0,Kirmizi_Pistachio
-50342257240530.0,Kirmizi_Pistachio
-50342257240530.0,Kirmizi_Pistachio
-50342257240530.0,Kirmizi_Pistachio
-50342257240530.0,Kirmizi_Pistachio
-50342257240530.0,Kirmizi_Pistachio
-50342257240530.0,Kirmizi_Pistachio
-50342257240530.0,Kirmizi_Pistachio
-50342257240530.0,Kirmizi_Pistachio
-50342257240530.0,Kirmizi_Pistachio
-50342257240530.0,Kirmizi_Pistachio
-50342257240530.0,Kirmizi_Pistachio
-50342257240530.0,Kirmizi_Pistachio
-50342257240530.0,Kirmizi_Pistachio
-50342257240530.0,Kirmizi_Pistachio
-50342257240530.0,Kirmizi_Pistachio
-50342257240530.0,Kirmizi_Pistachio
-50342257240530.0,Kirmizi_Pistachio
-50342257240530.0,Kirmizi_Pistachio
-50342257240530.0,Kirmizi_Pistachio
-50342257240530.0,Kirmizi_Pistachio
-50342257240530.0,Kirmizi_Pistachio
-50342257240530.0,Kirmizi_Pistachio
-50342257240530.0,Kirmizi_Pistachio
-50342257240530.0,Kirmizi_Pistachio
-50342257240530.0,Kirmizi_Pistachio
-50342257240530.0,Kirmizi_Pistachio
-50342257240530.0,Kirmizi_Pistachio
-50342257240530.0,Kirmizi_Pistachio
-50342257240530.0,Kirmizi_Pistachio
-50342257240530.0,Kirmizi_Pistachio
-50342257240530.0,Kirmizi_Pistachio
-50342257240530.0,Kirmizi_Pistachio
-50342257240530.0,Kirmizi_Pistachio
-50342257240530.0,Kirmizi_Pistachio
-50342257240530.0,Kirmizi_Pistachio
-50342257240530.0,Kirmizi_Pistachio
-50342257240530.0,Kirmizi_Pistachio
-50342257240530.0,Kirmizi_Pistachio
-50342257240530.0,Kirmizi_Pistachio
-50342257240530.0,Kirmizi_Pistachio
-50342257240530.0,Kirmizi_Pistachio
-50342257240530.0,Kirmizi_Pistachio
-50342257240530.0,Kirmizi_Pistachio
-50342257240530.0,Kirmizi_Pistachio
-50342257240530.0,Kirmizi_Pistachio
-50342257240530.0,Kirmizi_Pistachio
-50342257240530.0,Kirmizi_Pistachio
-50342257240530.0,Kirmizi_Pistachio
-50342257240530.0,Kirmizi_Pistachio
-50342257240530.0,Kirmizi_Pistachio
-50342257240530.0,Kirmizi_Pistachio
-50342257240530.0,Kirmizi_Pistachio
-50342257240530.0,Kirmizi_Pistachio
-50342257240530.0,Kirmizi_Pistachio
-50342257240530.0,Kirmizi_Pistachio
-50342257240530.0,Kirmizi_Pistachio
-50342257240530.0,Kirmizi_Pistachio
-50342257240530.0,Kirmizi_Pistachio
-50342257240530.0,Kirmizi_Pistachio
-50342257240530.0,Kirmizi_Pistachio
-50342257240530.0,Kirmizi_Pistachio
-50342257240530.0,Kirmizi_Pistachio
-50342257240530.0,Kirmizi_Pistachio
-50342257240530.0,Kirmizi_Pistachio
-50342257240530.0,Kirmizi_Pistachio
-50342257240530.0,Kirmizi_Pistachio
-50342257240530.0,Kirmizi_Pistachio
-50342257240530.0,Kirmizi_Pistachio
-50342257240530.0,Kirmizi_Pistachio
-50342257240530.0,Kirmizi_Pistachio
-50342257240530.0,Kirmizi_Pistachio
-50342257240530.0,Kirmizi_Pistachio
-50342257240530.0,Kirmizi_Pistachio
-50342257240530.0,Kirmizi_Pistachio
-50342257240530.0,Kirmizi_Pistachio
-50342257240530.0,Kirmizi_Pistachio
-50342257240530.0,Kirmizi_Pistachio
-50342257240530.0,Kirmizi_Pistachio
-50342257240530.0,Kirmizi_Pistachio
-50342257240530.0,Kirmizi_Pistachio
-50342257240530.0,Kirmizi_Pistachio
-50342257240530.0,Kirmizi_Pistachio
-50342257240530.0,Kirmizi_Pistachio
-50342257240530.0,Kirmizi_Pistachio
-50342257240530.0,Kirmizi_Pistachio
-50342257240530.0,Kirmizi_Pistachio
-50342257240530.0,Kirmizi_Pistachio
-50342257240530.0,Kirmizi_Pistachio
-50342257240530.0,Kirmizi_Pistachio
-50342257240530.0,Kirmizi_Pistachio
-50342257240530.0,Kirmizi_Pistachio
-50342257240530.0,Kirmizi_Pistachio
-50342257240530.0,Kirmizi_Pistachio
-50342257240530.0,Kirmizi_Pistachio
-50342257240530.0,Kirmizi_Pistachio
-50342257240530.0,Kirmizi_Pistachio
-50342257240530.0,Kirmizi_Pistachio
-50342257240530.0,Kirmizi_Pistachio
-50342257240530.0,Kirmizi_Pistachio
-50342257240530.0,Kirmizi_Pistachio
-50342257240530.0,Kirmizi_Pistachio
-50342257240530.0,Kirmizi_Pistachio
-50342257240530.0,Kirmizi_Pistachio
-50342257240530.0,Kirmizi_Pistachio
-50342257240530.0,Kirmizi_Pistachio
-50342257240530.0,Kirmizi_Pistachio
-50342257240530.0,Kirmizi_Pistachio
-50342257240530.0,Kirmizi_Pistachio
-50342257240530.0,Kirmizi_Pistachio
-50342257240530.0,Kirmizi_Pistachio
-50342257240530.0,Kirmizi_Pistachio
-50342257240530.0,Kirmizi_Pistachio
-50342257240530.0,Kirmizi_Pistachio
-50342257240530.0,Kirmizi_Pistachio
-50342257240530.0,Kirmizi_Pistachio
-50342257240530.0,Kirmizi_Pistachio
-50342257240530.0,Kirmizi_Pistachio
-50342257240530.0,Kirmizi_Pistachio
-50342257240530.0,Kirmizi_Pistachio
-50342257240530.0,Kirmizi_Pistachio
-50342257240530.0,Kirmizi_Pistachio
-50342257240530.0,Kirmizi_Pistachio
-50342257240530.0,Kirmizi_Pistachio
-50342257240530.0,Kirmizi_Pistachio
-50342257240530.0,Kirmizi_Pistachio
-50342257240530.0,Kirmizi_Pistachio
-50342257240530.0,Kirmizi_Pistachio
-50342257240530.0,Kirmizi_Pistachio
-50342257240530.0,Kirmizi_Pistachio
-50342257240530.0,Kirmizi_Pistachio
-50342257240530.0,Kirmizi_Pistachio
-50342257240530.0,Kirmizi_Pistachio
-50342257240530.0,Kirmizi_Pistachio
-50342257240530.0,Kirmizi_Pistachio
-50342257240530.0,Kirmizi_Pistachio
-50342257240530.0,Kirmizi_Pistachio
-50342257240530.0,Kirmizi_Pistachio
-50342257240530.0,Kirmizi_Pistachio
-50342257240530.0,Kirmizi_Pistachio
-50342257240530.0,Kirmizi_Pistachio
-50342257240530.0,Kirmizi_Pistachio
-50342257240530.0,Kirmizi_Pistachio
-50342257240530.0,Kirmizi_Pistachio
-50342257240530.0,Kirmizi_Pistachio
-50342257240530.0,Kirmizi_Pistachio
-50342257240530.0,Kirmizi_Pistachio
-50342257240530.0,Kirmizi_Pistachio
-50342257240530.0,Kirmizi_Pistachio
-50342257240530.0,Kirmizi_Pistachio
-50342257240530.0,Kirmizi_Pistachio
-50342257240530.0,Kirmizi_Pistachio
-50342257240530.0,Kirmizi_Pistachio
-50342257240530.0,Kirmizi_Pistachio
-50342257240530.0,Kirmizi_Pistachio
-50342257240530.0,Kirmizi_Pistachio
-50342257240530.0,Kirmizi_Pistachio
-50342257240530.0,Kirmizi_Pistachio
-50342257240530.0,Kirmizi_Pistachio
-50342257240530.0,Kirmizi_Pistachio
-50342257240530.0,Kirmizi_Pistachio
-50342257240530.0,Kirmizi_Pistachio
-50342257240530.0,Kirmizi_Pistachio
-50342257240530.0,Kirmizi_Pistachio
-50342257240530.0,Kirmizi_Pistachio
-50342257240530.0,Kirmizi_Pistachio
-50342257240530.0,Kirmizi_Pistachio
-50342257240530.0,Kirmizi_Pistachio
-50342257240530.0,Kirmizi_Pistachio
-50342257240530.0,Kirmizi_Pistachio
-50342257240530.0,Kirmizi_Pistachio
-50342257240530.0,Kirmizi_Pistachio
-50342257240530.0,Kirmizi_Pistachio
-50342257240530.0,Kirmizi_Pistachio
-50342257240530.0,Kirmizi_Pistachio
-50342257240530.0,Kirmizi_Pistachio
-50342257240530.0,Kirmizi_Pistachio
-50342257240530.0,Kirmizi_Pistachio
-50342257240530.0,Kirmizi_Pistachio
-50342257240530.0,Kirmizi_Pistachio
-50342257240530.0,Kirmizi_Pistachio
-50342257240530.0,Kirmizi_Pistachio
-50342257240530.0,Kirmizi_Pistachio
-50342257240530.0,Kirmizi_Pistachio
-50342257240530.0,Kirmizi_Pistachio
-50342257240530.0,Kirmizi_Pistachio
-50342257240530.0,Kirmizi_Pistachio
-50342257240530.0,Kirmizi_Pistachio
-50342257240530.0,Kirmizi_Pistachio
-50342257240530.0,Kirmizi_Pistachio
-50342257240530.0,Kirmizi_Pistachio
-50342257240530.0,Kirmizi_Pistachio
-50342257240530.0,Kirmizi_Pistachio
-50342257240530.0,Kirmizi_Pistachio
-50342257240530.0,Kirmizi_Pistachio
-50342257240530.0,Kirmizi_Pistachio
-50342257240530.0,Kirmizi_Pistachio
-50342257240530.0,Kirmizi_Pistachio
-50342257240530.0,Kirmizi_Pistachio
-50342257240530.0,Kirmizi_Pistachio
-50342257240530.0,Kirmizi_Pistachio
-50342257240530.0,Kirmizi_Pistachio
-50342257240530.0,Kirmizi_Pistachio
-50342257240530.0,Kirmizi_Pistachio
-50342257240530.0,Kirmizi_Pistachio
-50342257240530.0,Kirmizi_Pistachio
-50342257240530.0,Kirmizi_Pistachio
-50342257240530.0,Kirmizi_Pistachio
-50342257240530.0,Kirmizi_Pistachio
-50342257240530.0,Kirmizi_Pistachio
-50342257240530.0,Kirmizi_Pistachio
-50342257240530.0,Kirmizi_Pistachio
-50342257240530.0,Kirmizi_Pistachio
-50342257240530.0,Kirmizi_Pistachio
-50342257240530.0,Kirmizi_Pistachio
-50342257240530.0,Kirmizi_Pistachio
-50342257240530.0,Kirmizi_Pistachio
-50342257240530.0,Kirmizi_Pistachio
-50342257240530.0,Kirmizi_Pistachio
-50342257240530.0,Kirmizi_Pistachio
-50342257240530.0,Kirmizi_Pistachio
-50342257240530.0,Kirmizi_Pistachio
-50342257240530.0,Kirmizi_Pistachio
-50342257240530.0,Kirmizi_Pistachio
-50342257240530.0,Kirmizi_Pistachio
-50342257240530.0,Kirmizi_Pistachio
-50342257240530.0,Kirmizi_Pistachio
-50342257240530.0,Kirmizi_Pistachio
-50342257240530.0,Kirmizi_Pistachio
-50342257240530.0,Kirmizi_Pistachio
-50342257240530.0,Kirmizi_Pistachio
-50342257240530.0,Kirmizi_Pistachio
-50342257240530.0,Kirmizi_Pistachio
-50342257240530.0,Kirmizi_Pistachio
-50342257240530.0,Kirmizi_Pistachio
-50342257240530.0,Kirmizi_Pistachio
-50342257240530.0,Kirmizi_Pistachio
-50342257240530.0,Kirmizi_Pistachio
-50342257240530.0,Kirmizi_Pistachio
-50342257240530.0,Kirmizi_Pistachio
-50342257240530.0,Kirmizi_Pistachio
-50342257240530.0,Kirmizi_Pistachio
-50342257240530.0,Kirmizi_Pistachio
-50342257240530.0,Kirmizi_Pistachio
-50342257240530.0,Kirmizi_Pistachio
-50342257240530.0,Kirmizi_Pistachio
-50342257240530.0,Kirmizi_Pistachio
-50342257240530.0,Kirmizi_Pistachio
-50342257240530.0,Kirmizi_Pistachio
-50342257240530.0,Kirmizi_Pistachio
-50342257240530.0,Kirmizi_Pistachio
-50342257240530.0,Kirmizi_Pistachio
-50342257240530.0,Kirmizi_Pistachio
-50342257240530.0,Kirmizi_Pistachio
-50342257240530.0,Kirmizi_Pistachio
-50342257240530.0,Kirmizi_Pistachio
-50342257240530.0,Kirmizi_Pistachio
-50342257240530.0,Kirmizi_Pistachio
-50342257240530.0,Kirmizi_Pistachio
-50342257240530.0,Kirmizi_Pistachio
-50342257240530.0,Kirmizi_Pistachio
-50342257240530.0,Kirmizi_Pistachio
-50342257240530.0,Kirmizi_Pistachio
-50342257240530.0,Kirmizi_Pistachio
-50342257240530.0,Kirmizi_Pistachio
-50342257240530.0,Kirmizi_Pistachio
-50342257240530.0,Kirmizi_Pistachio
-50342257240530.0,Kirmizi_Pistachio
-50342257240530.0,Kirmizi_Pistachio
-50342257240530.0,Kirmizi_Pistachio
-50342257240530.0,Kirmizi_Pistachio
-50342257240530.0,Kirmizi_Pistachio
-50342257240530.0,Kirmizi_Pistachio
-50342257240530.0,Kirmizi_Pistachio
-50342257240530.0,Kirmizi_Pistachio
-50342257240530.0,Kirmizi_Pistachio
-50342257240530.0,Kirmizi_Pistachio
-50342257240530.0,Kirmizi_Pistachio
-50342257240530.0,Kirmizi_Pistachio
-50342257240530.0,Kirmizi_Pistachio
-50342257240530.0,Kirmizi_Pistachio
-50342257240530.0,Kirmizi_Pistachio
-50342257240530.0,Kirmizi_Pistachio
-50342257240530.0,Kirmizi_Pistachio
-50342257240530.0,Kirmizi_Pistachio
-50342257240530.0,Kirmizi_Pistachio
-50342257240530.0,Kirmizi_Pistachio
-50342257240530.0,Kirmizi_Pistachio
-50342257240530.0,Kirmizi_Pistachio
-50342257240530.0,Kirmizi_Pistachio
-50342257240530.0,Kirmizi_Pistachio
-50342257240530.0,Kirmizi_Pistachio
-50342257240530.0,Kirmizi_Pistachio
-50342257240530.0,Kirmizi_Pistachio
-50342257240530.0,Kirmizi_Pistachio
-50342257240530.0,Kirmizi_Pistachio
-50342257240530.0,Kirmizi_Pistachio
-50342257240530.0,Kirmizi_Pistachio
-50342257240530.0,Kirmizi_Pistachio
-50342257240530.0,Kirmizi_Pistachio
-50342257240530.0,Kirmizi_Pistachio
-50342257240530.0,Kirmizi_Pistachio
-50342257240530.0,Kirmizi_Pistachio
-50342257240530.0,Kirmizi_Pistachio
-50342257240530.0,Kirmizi_Pistachio
-50342257240530.0,Kirmizi_Pistachio
-50342257240530.0,Kirmizi_Pistachio
-50342257240530.0,Kirmizi_Pistachio
-50342257240530.0,Kirmizi_Pistachio
-50342257240530.0,Kirmizi_Pistachio
-50342257240530.0,Kirmizi_Pistachio
-50342257240530.0,Kirmizi_Pistachio
-50342257240530.0,Kirmizi_Pistachio
-50342257240530.0,Kirmizi_Pistachio
-50342257240530.0,Kirmizi_Pistachio
-50342257240530.0,Kirmizi_Pistachio
-50342257240530.0,Kirmizi_Pistachio
-50342257240530.0,Kirmizi_Pistachio
-50342257240530.0,Kirmizi_Pistachio
-50342257240530.0,Kirmizi_Pistachio
-50342257240530.0,Kirmizi_Pistachio
-50342257240530.0,Kirmizi_Pistachio
-50342257240530.0,Kirmizi_Pistachio
-50342257240530.0,Kirmizi_Pistachio
-50342257240530.0,Kirmizi_Pistachio
-50342257240530.0,Kirmizi_Pistachio
-50342257240530.0,Kirmizi_Pistachio
-50342257240530.0,Kirmizi_Pistachio
-50342257240530.0,Kirmizi_Pistachio
-50342257240530.0,Kirmizi_Pistachio
-50342257240530.0,Kirmizi_Pistachio
-50342257240530.0,Kirmizi_Pistachio
-50342257240530.0,Kirmizi_Pistachio
-50342257240530.0,Kirmizi_Pistachio
-50342257240530.0,Kirmizi_Pistachio
-50342257240530.0,Kirmizi_Pistachio
-50342257240530.0,Kirmizi_Pistachio
-50342257240530.0,Kirmizi_Pistachio
-50342257240530.0,Kirmizi_Pistachio
-50342257240530.0,Kirmizi_Pistachio
-50342257240530.0,Kirmizi_Pistachio
-50342257240530.0,Kirmizi_Pistachio
-50342257240530.0,Kirmizi_Pistachio
-50342257240530.0,Kirmizi_Pistachio
-50342257240530.0,Kirmizi_Pistachio
-50342257240530.0,Kirmizi_Pistachio
-50342257240530.0,Kirmizi_Pistachio
-50342257240530.0,Kirmizi_Pistachio
-50342257240530.0,Kirmizi_Pistachio
-50342257240530.0,Kirmizi_Pistachio
-50342257240530.0,Kirmizi_Pistachio
-50342257240530.0,Kirmizi_Pistachio
-50342257240530.0,Kirmizi_Pistachio
-50342257240530.0,Kirmizi_Pistachio
-50342257240530.0,Kirmizi_Pistachio
-50342257240530.0,Kirmizi_Pistachio
-50342257240530.0,Kirmizi_Pistachio
-50342257240530.0,Kirmizi_Pistachio
-50342257240530.0,Kirmizi_Pistachio
-50342257240530.0,Kirmizi_Pistachio
-50342257240530.0,Kirmizi_Pistachio
-50342257240530.0,Kirmizi_Pistachio
-50342257240530.0,Kirmizi_Pistachio
-50342257240530.0,Kirmizi_Pistachio
-50342257240530.0,Kirmizi_Pistachio
-50342257240530.0,Kirmizi_Pistachio
-50342257240530.0,Kirmizi_Pistachio
-50342257240530.0,Kirmizi_Pistachio
-50342257240530.0,Kirmizi_Pistachio
-50342257240530.0,Kirmizi_Pistachio
-50342257240530.0,Kirmizi_Pistachio
-50342257240530.0,Kirmizi_Pistachio
-50342257240530.0,Kirmizi_Pistachio
-50342257240530.0,Kirmizi_Pistachio
-50342257240530.0,Kirmizi_Pistachio
-50342257240530.0,Kirmizi_Pistachio
-50342257240530.0,Kirmizi_Pistachio
-50342257240530.0,Kirmizi_Pistachio
-50342257240530.0,Kirmizi_Pistachio
-50342257240530.0,Kirmizi_Pistachio
-50342257240530.0,Kirmizi_Pistachio
-50342257240530.0,Kirmizi_Pistachio
-50342257240530.0,Kirmizi_Pistachio
-50342257240530.0,Kirmizi_Pistachio
-50342257240530.0,Kirmizi_Pistachio
-50342257240530.0,Kirmizi_Pistachio
-50342257240530.0,Kirmizi_Pistachio
-50342257240530.0,Kirmizi_Pistachio
-50342257240530.0,Kirmizi_Pistachio
-50342257240530.0,Kirmizi_Pistachio
-50342257240530.0,Kirmizi_Pistachio
-50342257240530.0,Kirmizi_Pistachio
-50342257240530.0,Kirmizi_Pistachio
-50342257240530.0,Kirmizi_Pistachio
-50342257240530.0,Kirmizi_Pistachio
-50342257240530.0,Kirmizi_Pistachio
-50342257240530.0,Kirmizi_Pistachio
-50342257240530.0,Kirmizi_Pistachio
-50342257240530.0,Kirmizi_Pistachio
-50342257240530.0,Kirmizi_Pistachio
-50342257240530.0,Kirmizi_Pistachio
-50342257240530.0,Kirmizi_Pistachio
-50342257240530.0,Kirmizi_Pistachio
-50342257240530.0,Kirmizi_Pistachio
-50342257240530.0,Kirmizi_Pistachio
-50342257240530.0,Kirmizi_Pistachio
-50342257240530.0,Kirmizi_Pistachio
-50342257240530.0,Kirmizi_Pistachio
-50342257240530.0,Kirmizi_Pistachio
-50342257240530.0,Kirmizi_Pistachio
-50342257240530.0,Kirmizi_Pistachio
-50342257240530.0,Kirmizi_Pistachio
-50342257240530.0,Kirmizi_Pistachio
-50342257240530.0,Kirmizi_Pistachio
-50342257240530.0,Kirmizi_Pistachio
-50342257240530.0,Kirmizi_Pistachio
-50342257240530.0,Kirmizi_Pistachio
-50342257240530.0,Kirmizi_Pistachio
-50342257240530.0,Kirmizi_Pistachio
-50342257240530.0,Kirmizi_Pistachio
-50342257240530.0,Kirmizi_Pistachio
-50342257240530.0,Kirmizi_Pistachio
-50342257240530.0,Kirmizi_Pistachio
-50342257240530.0,Kirmizi_Pistachio
-50342257240530.0,Kirmizi_Pistachio
-50342257240530.0,Kirmizi_Pistachio
-50342257240530.0,Kirmizi_Pistachio
-50342257240530.0,Kirmizi_Pistachio
-50342257240530.0,Kirmizi_Pistachio
-50342257240530.0,Kirmizi_Pistachio
-50342257240530.0,Kirmizi_Pistachio
-50342257240530.0,Kirmizi_Pistachio
-50342257240530.0,Kirmizi_Pistachio
-50342257240530.0,Kirmizi_Pistachio
-50342257240530.0,Kirmizi_Pistachio
-50342257240530.0,Kirmizi_Pistachio
-50342257240530.0,Kirmizi_Pistachio
-50342257240530.0,Kirmizi_Pistachio
-50342257240530.0,Kirmizi_Pistachio
-50342257240530.0,Kirmizi_Pistachio
-50342257240530.0,Kirmizi_Pistachio
-50342257240530.0,Kirmizi_Pistachio
-50342257240530.0,Kirmizi_Pistachio
-50342257240530.0,Kirmizi_Pistachio
-50342257240530.0,Kirmizi_Pistachio
-50342257240530.0,Kirmizi_Pistachio
-50342257240530.0,Kirmizi_Pistachio
-50342257240530.0,Kirmizi_Pistachio
-50342257240530.0,Kirmizi_Pistachio
-50342257240530.0,Kirmizi_Pistachio
-50342257240530.0,Kirmizi_Pistachio
-50342257240530.0,Kirmizi_Pistachio
-50342257240530.0,Kirmizi_Pistachio
-50342257240530.0,Kirmizi_Pistachio
-50342257240530.0,Kirmizi_Pistachio
-50342257240530.0,Kirmizi_Pistachio
-50342257240530.0,Kirmizi_Pistachio
-50342257240530.0,Kirmizi_Pistachio
-50342257240530.0,Kirmizi_Pistachio
-50342257240530.0,Kirmizi_Pistachio
-50342257240530.0,Kirmizi_Pistachio
-50342257240530.0,Kirmizi_Pistachio
-50342257240530.0,Kirmizi_Pistachio
-50342257240530.0,Kirmizi_Pistachio
-50342257240530.0,Kirmizi_Pistachio
-50342257240530.0,Kirmizi_Pistachio
-50342257240530.0,Kirmizi_Pistachio
-50342257240530.0,Kirmizi_Pistachio
-50342257240530.0,Kirmizi_Pistachio
-50342257240530.0,Kirmizi_Pistachio
-50342257240530.0,Kirmizi_Pistachio
-50342257240530.0,Kirmizi_Pistachio
-50342257240530.0,Kirmizi_Pistachio
-50342257240530.0,Kirmizi_Pistachio
-50342257240530.0,Kirmizi_Pistachio
-50342257240530.0,Kirmizi_Pistachio
-50342257240530.0,Kirmizi_Pistachio
-50342257240530.0,Kirmizi_Pistachio
-50342257240530.0,Kirmizi_Pistachio
-50342257240530.0,Kirmizi_Pistachio
-50342257240530.0,Kirmizi_Pistachio
-50342257240530.0,Kirmizi_Pistachio
-50342257240530.0,Kirmizi_Pistachio
-50342257240530.0,Kirmizi_Pistachio
-50342257240530.0,Kirmizi_Pistachio
-50342257240530.0,Kirmizi_Pistachio
-50342257240530.0,Kirmizi_Pistachio
-50342257240530.0,Kirmizi_Pistachio
-50342257240530.0,Kirmizi_Pistachio
-50342257240530.0,Kirmizi_Pistachio
-50342257240530.0,Kirmizi_Pistachio
-50342257240530.0,Kirmizi_Pistachio
-50342257240530.0,Kirmizi_Pistachio
-50342257240530.0,Kirmizi_Pistachio
-50342257240530.0,Kirmizi_Pistachio
-50342257240530.0,Kirmizi_Pistachio
-50342257240530.0,Kirmizi_Pistachio
-50342257240530.0,Kirmizi_Pistachio
-50342257240530.0,Kirmizi_Pistachio
-50342257240530.0,Kirmizi_Pistachio
-50342257240530.0,Kirmizi_Pistachio
-50342257240530.0,Kirmizi_Pistachio
-50342257240530.0,Kirmizi_Pistachio
-50342257240530.0,Kirmizi_Pistachio
-50342257240530.0,Kirmizi_Pistachio
-50342257240530.0,Kirmizi_Pistachio
-50342257240530.0,Kirmizi_Pistachio
-50342257240530.0,Kirmizi_Pistachio
-50342257240530.0,Kirmizi_Pistachio
-50342257240530.0,Kirmizi_Pistachio
-50342257240530.0,Kirmizi_Pistachio
-50342257240530.0,Kirmizi_Pistachio
-50342257240530.0,Kirmizi_Pistachio
-50342257240530.0,Kirmizi_Pistachio
-50342257240530.0,Kirmizi_Pistachio
-50342257240530.0,Kirmizi_Pistachio
-50342257240530.0,Kirmizi_Pistachio
-50342257240530.0,Kirmizi_Pistachio
-50342257240530.0,Kirmizi_Pistachio
-50342257240530.0,Kirmizi_Pistachio
-50342257240530.0,Kirmizi_Pistachio
-50342257240530.0,Kirmizi_Pistachio
-50342257240530.0,Kirmizi_Pistachio
-50342257240530.0,Kirmizi_Pistachio
-50342257240530.0,Kirmizi_Pistachio
-50342257240530.0,Kirmizi_Pistachio
-50342257240530.0,Kirmizi_Pistachio
-50342257240530.0,Kirmizi_Pistachio
-50342257240530.0,Kirmizi_Pistachio
-50342257240530.0,Kirmizi_Pistachio
-50342257240530.0,Kirmizi_Pistachio
-50342257240530.0,Kirmizi_Pistachio
-50342257240530.0,Kirmizi_Pistachio
-50342257240530.0,Kirmizi_Pistachio
-50342257240530.0,Kirmizi_Pistachio
-50342257240530.0,Kirmizi_Pistachio
-50342257240530.0,Kirmizi_Pistachio
-50342257240530.0,Kirmizi_Pistachio
-50342257240530.0,Kirmizi_Pistachio
-50342257240530.0,Kirmizi_Pistachio
-50342257240530.0,Kirmizi_Pistachio
-50342257240530.0,Kirmizi_Pistachio
-50342257240530.0,Kirmizi_Pistachio
-50342257240530.0,Kirmizi_Pistachio
-50342257240530.0,Kirmizi_Pistachio
-50342257240530.0,Kirmizi_Pistachio
-50342257240530.0,Kirmizi_Pistachio
-50342257240530.0,Kirmizi_Pistachio
-50342257240530.0,Kirmizi_Pistachio
-50342257240530.0,Kirmizi_Pistachio
-50342257240530.0,Kirmizi_Pistachio
-50342257240530.0,Kirmizi_Pistachio
-50342257240530.0,Kirmizi_Pistachio
-50342257240530.0,Kirmizi_Pistachio
-50342257240530.0,Kirmizi_Pistachio
-50342257240530.0,Kirmizi_Pistachio
-50342257240530.0,Kirmizi_Pistachio
-50342257240530.0,Kirmizi_Pistachio
-50342257240530.0,Kirmizi_Pistachio
-50342257240530.0,Kirmizi_Pistachio
-50342257240530.0,Kirmizi_Pistachio
-50342257240530.0,Kirmizi_Pistachio
-50342257240530.0,Kirmizi_Pistachio
-50342257240530.0,Kirmizi_Pistachio
-50342257240530.0,Kirmizi_Pistachio
-50342257240530.0,Kirmizi_Pistachio
-50342257240530.0,Kirmizi_Pistachio
-50342257240530.0,Kirmizi_Pistachio
-50342257240530.0,Kirmizi_Pistachio
-50342257240530.0,Kirmizi_Pistachio
-50342257240530.0,Kirmizi_Pistachio
-50342257240530.0,Kirmizi_Pistachio
-50342257240530.0,Kirmizi_Pistachio
-50342257240530.0,Kirmizi_Pistachio
-50342257240530.0,Kirmizi_Pistachio
-50342257240530.0,Kirmizi_Pistachio
-50342257240530.0,Kirmizi_Pistachio
-50342257240530.0,Kirmizi_Pistachio
-50342257240530.0,Kirmizi_Pistachio
-50342257240530.0,Kirmizi_Pistachio
-50342257240530.0,Kirmizi_Pistachio
-50342257240530.0,Kirmizi_Pistachio
-50342257240530.0,Kirmizi_Pistachio
-50342257240530.0,Kirmizi_Pistachio
-50342257240530.0,Kirmizi_Pistachio
-50342257240530.0,Kirmizi_Pistachio
-50342257240530.0,Kirmizi_Pistachio
-50342257240530.0,Kirmizi_Pistachio
-50342257240530.0,Kirmizi_Pistachio
-50342257240530.0,Kirmizi_Pistachio
-50342257240530.0,Kirmizi_Pistachio
-50342257240530.0,Kirmizi_Pistachio
-50342257240530.0,Kirmizi_Pistachio
-50342257240530.0,Kirmizi_Pistachio
-50342257240530.0,Kirmizi_Pistachio
-50342257240530.0,Kirmizi_Pistachio
-50342257240530.0,Kirmizi_Pistachio
-50342257240530.0,Kirmizi_Pistachio
-50342257240530.0,Kirmizi_Pistachio
-50342257240530.0,Kirmizi_Pistachio
-50342257240530.0,Kirmizi_Pistachio
-50342257240530.0,Kirmizi_Pistachio
-50342257240530.0,Kirmizi_Pistachio
-50342257240530.0,Kirmizi_Pistachio
-50342257240530.0,Kirmizi_Pistachio
-50342257240530.0,Kirmizi_Pistachio
-50342257240530.0,Kirmizi_Pistachio
-50342257240530.0,Kirmizi_Pistachio
-50342257240530.0,Kirmizi_Pistachio
-50342257240530.0,Kirmizi_Pistachio
-50342257240530.0,Kirmizi_Pistachio
-50342257240530.0,Kirmizi_Pistachio
-50342257240530.0,Kirmizi_Pistachio
-50342257240530.0,Kirmizi_Pistachio
-50342257240530.0,Kirmizi_Pistachio
-50342257240530.0,Kirmizi_Pistachio
-50342257240530.0,Kirmizi_Pistachio
-50342257240530.0,Kirmizi_Pistachio
-50342257240530.0,Kirmizi_Pistachio
-50342257240530.0,Kirmizi_Pistachio
-50342257240530.0,Kirmizi_Pistachio
-50342257240530.0,Kirmizi_Pistachio
-50342257240530.0,Kirmizi_Pistachio
-50342257240530.0,Kirmizi_Pistachio
-50342257240530.0,Kirmizi_Pistachio
-50342257240530.0,Kirmizi_Pistachio
-50342257240530.0,Kirmizi_Pistachio
-50342257240530.0,Kirmizi_Pistachio
-50342257240530.0,Kirmizi_Pistachio
-50342257240530.0,Kirmizi_Pistachio
-50342257240530.0,Kirmizi_Pistachio
-50342257240530.0,Kirmizi_Pistachio
-50342257240530.0,Kirmizi_Pistachio
-50342257240530.0,Kirmizi_Pistachio
-50342257240530.0,Kirmizi_Pistachio
-50342257240530.0,Kirmizi_Pistachio
-50342257240530.0,Kirmizi_Pistachio
-50342257240530.0,Kirmizi_Pistachio
-50342257240530.0,Kirmizi_Pistachio
-50342257240530.0,Kirmizi_Pistachio
-50342257240530.0,Kirmizi_Pistachio
-50342257240530.0,Kirmizi_Pistachio
-50342257240530.0,Kirmizi_Pistachio
-50342257240530.0,Kirmizi_Pistachio
-50342257240530.0,Kirmizi_Pistachio
-50342257240530.0,Kirmizi_Pistachio
-50342257240530.0,Kirmizi_Pistachio
-50342257240530.0,Kirmizi_Pistachio
-50342257240530.0,Kirmizi_Pistachio
-50342257240530.0,Kirmizi_Pistachio
-50342257240530.0,Kirmizi_Pistachio
-50342257240530.0,Kirmizi_Pistachio
-50342257240530.0,Kirmizi_Pistachio
-50342257240530.0,Kirmizi_Pistachio
-50342257240530.0,Kirmizi_Pistachio
-50342257240530.0,Kirmizi_Pistachio
-50342257240530.0,Kirmizi_Pistachio
-50342257240530.0,Kirmizi_Pistachio
-50342257240530.0,Kirmizi_Pistachio
-50342257240530.0,Kirmizi_Pistachio
-50342257240530.0,Kirmizi_Pistachio
-50342257240530.0,Kirmizi_Pistachio
-50342257240530.0,Kirmizi_Pistachio
-50342257240530.0,Kirmizi_Pistachio
-50342257240530.0,Kirmizi_Pistachio
-50342257240530.0,Kirmizi_Pistachio
-50342257240530.0,Kirmizi_Pistachio
-50342257240530.0,Kirmizi_Pistachio
-50342257240530.0,Kirmizi_Pistachio
-50342257240530.0,Kirmizi_Pistachio
-50342257240530.0,Kirmizi_Pistachio
-50342257240530.0,Kirmizi_Pistachio
-50342257240530.0,Kirmizi_Pistachio
-50342257240530.0,Kirmizi_Pistachio
-50342257240530.0,Kirmizi_Pistachio
-50342257240530.0,Kirmizi_Pistachio
-50342257240530.0,Kirmizi_Pistachio
-50342257240530.0,Kirmizi_Pistachio
-50342257240530.0,Kirmizi_Pistachio
-50342257240530.0,Kirmizi_Pistachio
-50342257240530.0,Kirmizi_Pistachio
-50342257240530.0,Kirmizi_Pistachio
-50342257240530.0,Kirmizi_Pistachio
-50342257240530.0,Kirmizi_Pistachio
-50342257240530.0,Kirmizi_Pistachio
-50342257240530.0,Kirmizi_Pistachio
-50342257240530.0,Kirmizi_Pistachio
-50342257240530.0,Kirmizi_Pistachio
-50342257240530.0,Kirmizi_Pistachio
-50342257240530.0,Kirmizi_Pistachio
-50342257240530.0,Kirmizi_Pistachio
-50342257240530.0,Kirmizi_Pistachio
-50342257240530.0,Kirmizi_Pistachio
-50342257240530.0,Kirmizi_Pistachio
-50342257240530.0,Kirmizi_Pistachio
-50342257240530.0,Kirmizi_Pistachio
-50342257240530.0,Kirmizi_Pistachio
-50342257240530.0,Kirmizi_Pistachio
-50342257240530.0,Kirmizi_Pistachio
-50342257240530.0,Kirmizi_Pistachio
-50342257240530.0,Kirmizi_Pistachio
-50342257240530.0,Kirmizi_Pistachio
-50342257240530.0,Kirmizi_Pistachio
-50342257240530.0,Kirmizi_Pistachio
-50342257240530.0,Kirmizi_Pistachio
-50342257240530.0,Kirmizi_Pistachio
-50342257240530.0,Kirmizi_Pistachio
-50342257240530.0,Kirmizi_Pistachio
-50342257240530.0,Kirmizi_Pistachio
-50342257240530.0,Kirmizi_Pistachio
-50342257240530.0,Kirmizi_Pistachio
-50342257240530.0,Kirmizi_Pistachio
-50342257240530.0,Kirmizi_Pistachio
-50342257240530.0,Kirmizi_Pistachio
-50342257240530.0,Kirmizi_Pistachio
-50342257240530.0,Kirmizi_Pistachio
-50342257240530.0,Kirmizi_Pistachio
-50342257240530.0,Kirmizi_Pistachio
-50342257240530.0,Kirmizi_Pistachio
-50342257240530.0,Kirmizi_Pistachio
-50342257240530.0,Kirmizi_Pistachio
-50342257240530.0,Kirmizi_Pistachio
-50342257240530.0,Kirmizi_Pistachio
-50342257240530.0,Kirmizi_Pistachio
-50342257240530.0,Kirmizi_Pistachio
-50342257240530.0,Kirmizi_Pistachio
-50342257240530.0,Kirmizi_Pistachio
-50342257240530.0,Kirmizi_Pistachio
-50342257240530.0,Kirmizi_Pistachio
-50342257240530.0,Kirmizi_Pistachio
-50342257240530.0,Kirmizi_Pistachio
-50342257240530.0,Kirmizi_Pistachio
-50342257240530.0,Kirmizi_Pistachio
-50342257240530.0,Kirmizi_Pistachio
-50342257240530.0,Kirmizi_Pistachio
-50342257240530.0,Kirmizi_Pistachio
-50342257240530.0,Kirmizi_Pistachio
-50342257240530.0,Kirmizi_Pistachio
-50342257240530.0,Kirmizi_Pistachio
-50342257240530.0,Kirmizi_Pistachio
-50342257240530.0,Kirmizi_Pistachio
-50342257240530.0,Kirmizi_Pistachio
-50342257240530.0,Kirmizi_Pistachio
-50342257240530.0,Kirmizi_Pistachio
-50342257240530.0,Kirmizi_Pistachio
-50342257240530.0,Kirmizi_Pistachio
-50342257240530.0,Kirmizi_Pistachio
-50342257240530.0,Kirmizi_Pistachio
-50342257240530.0,Kirmizi_Pistachio
-50342257240530.0,Kirmizi_Pistachio
-50342257240530.0,Kirmizi_Pistachio
-50342257240530.0,Kirmizi_Pistachio
-50342257240530.0,Kirmizi_Pistachio
-50342257240530.0,Kirmizi_Pistachio
-50342257240530.0,Kirmizi_Pistachio
-50342257240530.0,Kirmizi_Pistachio
-50342257240530.0,Kirmizi_Pistachio
-50342257240530.0,Kirmizi_Pistachio
-50342257240530.0,Kirmizi_Pistachio
-50342257240530.0,Kirmizi_Pistachio
-50342257240530.0,Kirmizi_Pistachio
-50342257240530.0,Kirmizi_Pistachio
-50342257240530.0,Kirmizi_Pistachio
-50342257240530.0,Kirmizi_Pistachio
-50342257240530.0,Kirmizi_Pistachio
-50342257240530.0,Kirmizi_Pistachio
-50342257240530.0,Kirmizi_Pistachio
-50342257240530.0,Kirmizi_Pistachio
-50342257240530.0,Kirmizi_Pistachio
-50342257240530.0,Kirmizi_Pistachio
-50342257240530.0,Kirmizi_Pistachio
-50342257240530.0,Kirmizi_Pistachio
-50342257240530.0,Kirmizi_Pistachio
-50342257240530.0,Kirmizi_Pistachio
-50342257240530.0,Kirmizi_Pistachio
-50342257240530.0,Kirmizi_Pistachio
-50342257240530.0,Kirmizi_Pistachio
-50342257240530.0,Kirmizi_Pistachio
-50342257240530.0,Kirmizi_Pistachio
-50342257240530.0,Kirmizi_Pistachio
-50342257240530.0,Kirmizi_Pistachio
-50342257240530.0,Kirmizi_Pistachio
-50342257240530.0,Kirmizi_Pistachio
-50342257240530.0,Kirmizi_Pistachio
-50342257240530.0,Kirmizi_Pistachio
-50342257240530.0,Kirmizi_Pistachio
-50342257240530.0,Kirmizi_Pistachio
-50342257240530.0,Kirmizi_Pistachio
-50342257240530.0,Kirmizi_Pistachio
-50342257240530.0,Kirmizi_Pistachio
-50342257240530.0,Kirmizi_Pistachio
-50342257240530.0,Kirmizi_Pistachio
-50342257240530.0,Kirmizi_Pistachio
-50342257240530.0,Kirmizi_Pistachio
-50342257240530.0,Kirmizi_Pistachio
-50342257240530.0,Kirmizi_Pistachio
-50342257240530.0,Kirmizi_Pistachio
-50342257240530.0,Kirmizi_Pistachio
-50342257240530.0,Kirmizi_Pistachio
-50342257240530.0,Kirmizi_Pistachio
-50342257240530.0,Kirmizi_Pistachio
-50342257240530.0,Kirmizi_Pistachio
-50342257240530.0,Kirmizi_Pistachio
-50342257240530.0,Kirmizi_Pistachio
-50342257240530.0,Kirmizi_Pistachio
-50342257240530.0,Kirmizi_Pistachio
-50342257240530.0,Kirmizi_Pistachio
-50342257240530.0,Kirmizi_Pistachio
-50342257240530.0,Kirmizi_Pistachio
-50342257240530.0,Kirmizi_Pistachio
-50342257240530.0,Kirmizi_Pistachio
-50342257240530.0,Kirmizi_Pistachio
-50342257240530.0,Kirmizi_Pistachio
-50342257240530.0,Kirmizi_Pistachio
-50342257240530.0,Kirmizi_Pistachio
-50342257240530.0,Kirmizi_Pistachio
-50342257240530.0,Kirmizi_Pistachio
-50342257240530.0,Kirmizi_Pistachio
-50342257240530.0,Kirmizi_Pistachio
-50342257240530.0,Kirmizi_Pistachio
-50342257240530.0,Kirmizi_Pistachio
-50342257240530.0,Kirmizi_Pistachio
-50342257240530.0,Kirmizi_Pistachio
-50342257240530.0,Kirmizi_Pistachio
-50342257240530.0,Kirmizi_Pistachio
-50342257240530.0,Kirmizi_Pistachio
-50342257240530.0,Kirmizi_Pistachio
-50342257240530.0,Kirmizi_Pistachio
-50342257240530.0,Kirmizi_Pistachio
-50342257240530.0,Kirmizi_Pistachio
-50342257240530.0,Kirmizi_Pistachio
-50342257240530.0,Kirmizi_Pistachio
-50342257240530.0,Kirmizi_Pistachio
-50342257240530.0,Kirmizi_Pistachio
-50342257240530.0,Kirmizi_Pistachio
-50342257240530.0,Kirmizi_Pistachio
-50342257240530.0,Kirmizi_Pistachio
-50342257240530.0,Kirmizi_Pistachio
-50342257240530.0,Kirmizi_Pistachio
-50342257240530.0,Kirmizi_Pistachio
-50342257240530.0,Kirmizi_Pistachio
-50342257240530.0,Kirmizi_Pistachio
-50342257240530.0,Kirmizi_Pistachio
-50342257240530.0,Kirmizi_Pistachio
-50342257240530.0,Kirmizi_Pistachio
-50342257240530.0,Kirmizi_Pistachio
-50342257240530.0,Kirmizi_Pistachio
-50342257240530.0,Kirmizi_Pistachio
-50342257240530.0,Kirmizi_Pistachio
-50342257240530.0,Kirmizi_Pistachio
-50342257240530.0,Kirmizi_Pistachio
-50342257240530.0,Kirmizi_Pistachio
-50342257240530.0,Kirmizi_Pistachio
-50342257240530.0,Kirmizi_Pistachio
-50342257240530.0,Kirmizi_Pistachio
-50342257240530.0,Kirmizi_Pistachio
-50342257240530.0,Kirmizi_Pistachio
-50342257240530.0,Kirmizi_Pistachio
-50342257240530.0,Kirmizi_Pistachio
-50342257240530.0,Kirmizi_Pistachio
-50342257240530.0,Kirmizi_Pistachio
-50342257240530.0,Kirmizi_Pistachio
-50342257240530.0,Kirmizi_Pistachio
-50342257240530.0,Kirmizi_Pistachio
-50342257240530.0,Kirmizi_Pistachio
-50342257240530.0,Kirmizi_Pistachio
-50342257240530.0,Kirmizi_Pistachio
-50342257240530.0,Kirmizi_Pistachio
-50342257240530.0,Kirmizi_Pistachio
-50342257240530.0,Kirmizi_Pistachio
-50342257240530.0,Kirmizi_Pistachio
-50342257240530.0,Kirmizi_Pistachio
-50342257240530.0,Kirmizi_Pistachio
-50342257240530.0,Kirmizi_Pistachio
-50342257240530.0,Kirmizi_Pistachio
-50342257240530.0,Kirmizi_Pistachio
-50342257240530.0,Kirmizi_Pistachio
-50342257240530.0,Kirmizi_Pistachio
-50342257240530.0,Kirmizi_Pistachio
-50342257240530.0,Kirmizi_Pistachio
-50342257240530.0,Kirmizi_Pistachio
-50342257240530.0,Kirmizi_Pistachio
-50342257240530.0,Kirmizi_Pistachio
-50342257240530.0,Kirmizi_Pistachio
-50342257240530.0,Kirmizi_Pistachio
-50342257240530.0,Kirmizi_Pistachio
-50342257240530.0,Kirmizi_Pistachio
67709236812591.875,Siirt_Pistachio
67709236812591.875,Siirt_Pistachio
67709236812591.875,Siirt_Pistachio
67709236812591.875,Siirt_Pistachio
67709236812591.875,Siirt_Pistachio
67709236812591.875,Siirt_Pistachio
67709236812591.875,Siirt_Pistachio
67709236812591.875,Siirt_Pistachio
67709236812591.875,Siirt_Pistachio
67709236812591.875,Siirt_Pistachio
67709236812591.875,Siirt_Pistachio
67709236812591.875,Siirt_Pistachio
67709236812591.875,Siirt_Pistachio
67709236812591.875,Siirt_Pistachio
67709236812591.875,Siirt_Pistachio
67709236812591.875,Siirt_Pistachio
67709236812591.875,Siirt_Pistachio
67709236812591.875,Siirt_Pistachio
67709236812591.875,Siirt_Pistachio
67709236812591.875,Siirt_Pistachio
67709236812591.875,Siirt_Pistachio
67709236812591.875,Siirt_Pistachio
67709236812591.875,Siirt_Pistachio
67709236812591.875,Siirt_Pistachio
67709236812591.875,Siirt_Pistachio
67709236812591.875,Siirt_Pistachio
67709236812591.875,Siirt_Pistachio
67709236812591.875,Siirt_Pistachio
67709236812591.875,Siirt_Pistachio
67709236812591.875,Siirt_Pistachio
67709236812591.875,Siirt_Pistachio
67709236812591.875,Siirt_Pistachio
67709236812591.875,Siirt_Pistachio
67709236812591.875,Siirt_Pistachio
67709236812591.875,Siirt_Pistachio
67709236812591.875,Siirt_Pistachio
67709236812591.875,Siirt_Pistachio
67709236812591.875,Siirt_Pistachio
67709236812591.875,Siirt_Pistachio
67709236812591.875,Siirt_Pistachio
67709236812591.875,Siirt_Pistachio
67709236812591.875,Siirt_Pistachio
67709236812591.875,Siirt_Pistachio
67709236812591.875,Siirt_Pistachio
67709236812591.875,Siirt_Pistachio
67709236812591.875,Siirt_Pistachio
67709236812591.875,Siirt_Pistachio
67709236812591.875,Siirt_Pistachio
67709236812591.875,Siirt_Pistachio
67709236812591.875,Siirt_Pistachio
67709236812591.875,Siirt_Pistachio
67709236812591.875,Siirt_Pistachio
67709236812591.875,Siirt_Pistachio
67709236812591.875,Siirt_Pistachio
67709236812591.875,Siirt_Pistachio
67709236812591.875,Siirt_Pistachio
67709236812591.875,Siirt_Pistachio
67709236812591.875,Siirt_Pistachio
67709236812591.875,Siirt_Pistachio
67709236812591.875,Siirt_Pistachio
67709236812591.875,Siirt_Pistachio
67709236812591.875,Siirt_Pistachio
67709236812591.875,Siirt_Pistachio
67709236812591.875,Siirt_Pistachio
67709236812591.875,Siirt_Pistachio
67709236812591.875,Siirt_Pistachio
67709236812591.875,Siirt_Pistachio
67709236812591.875,Siirt_Pistachio
67709236812591.875,Siirt_Pistachio
67709236812591.875,Siirt_Pistachio
67709236812591.875,Siirt_Pistachio
67709236812591.875,Siirt_Pistachio
67709236812591.875,Siirt_Pistachio
67709236812591.875,Siirt_Pistachio
67709236812591.875,Siirt_Pistachio
67709236812591.875,Siirt_Pistachio
67709236812591.875,Siirt_Pistachio
67709236812591.875,Siirt_Pistachio
67709236812591.875,Siirt_Pistachio
67709236812591.875,Siirt_Pistachio
67709236812591.875,Siirt_Pistachio
67709236812591.875,Siirt_Pistachio
67709236812591.875,Siirt_Pistachio
67709236812591.875,Siirt_Pistachio
67709236812591.875,Siirt_Pistachio
67709236812591.875,Siirt_Pistachio
67709236812591.875,Siirt_Pistachio
67709236812591.875,Siirt_Pistachio
67709236812591.875,Siirt_Pistachio
67709236812591.875,Siirt_Pistachio
67709236812591.875,Siirt_Pistachio
67709236812591.875,Siirt_Pistachio
67709236812591.875,Siirt_Pistachio
67709236812591.875,Siirt_Pistachio
67709236812591.875,Siirt_Pistachio
67709236812591.875,Siirt_Pistachio
67709236812591.875,Siirt_Pistachio
67709236812591.875,Siirt_Pistachio
67709236812591.875,Siirt_Pistachio
67709236812591.875,Siirt_Pistachio
67709236812591.875,Siirt_Pistachio
67709236812591.875,Siirt_Pistachio
67709236812591.875,Siirt_Pistachio
67709236812591.875,Siirt_Pistachio
67709236812591.875,Siirt_Pistachio
67709236812591.875,Siirt_Pistachio
67709236812591.875,Siirt_Pistachio
67709236812591.875,Siirt_Pistachio
67709236812591.875,Siirt_Pistachio
67709236812591.875,Siirt_Pistachio
67709236812591.875,Siirt_Pistachio
67709236812591.875,Siirt_Pistachio
67709236812591.875,Siirt_Pistachio
67709236812591.875,Siirt_Pistachio
67709236812591.875,Siirt_Pistachio
67709236812591.875,Siirt_Pistachio
67709236812591.875,Siirt_Pistachio
67709236812591.875,Siirt_Pistachio
67709236812591.875,Siirt_Pistachio
67709236812591.875,Siirt_Pistachio
67709236812591.875,Siirt_Pistachio
67709236812591.875,Siirt_Pistachio
67709236812591.875,Siirt_Pistachio
67709236812591.875,Siirt_Pistachio
67709236812591.875,Siirt_Pistachio
67709236812591.875,Siirt_Pistachio
67709236812591.875,Siirt_Pistachio
67709236812591.875,Siirt_Pistachio
67709236812591.875,Siirt_Pistachio
67709236812591.875,Siirt_Pistachio
67709236812591.875,Siirt_Pistachio
67709236812591.875,Siirt_Pistachio
67709236812591.875,Siirt_Pistachio
67709236812591.875,Siirt_Pistachio
67709236812591.875,Siirt_Pistachio
67709236812591.875,Siirt_Pistachio
67709236812591.875,Siirt_Pistachio
67709236812591.875,Siirt_Pistachio
67709236812591.875,Siirt_Pistachio
67709236812591.875,Siirt_Pistachio
67709236812591.875,Siirt_Pistachio
67709236812591.875,Siirt_Pistachio
67709236812591.875,Siirt_Pistachio
67709236812591.875,Siirt_Pistachio
67709236812591.875,Siirt_Pistachio
67709236812591.875,Siirt_Pistachio
67709236812591.875,Siirt_Pistachio
67709236812591.875,Siirt_Pistachio
67709236812591.875,Siirt_Pistachio
67709236812591.875,Siirt_Pistachio
67709236812591.875,Siirt_Pistachio
67709236812591.875,Siirt_Pistachio
67709236812591.875,Siirt_Pistachio
67709236812591.875,Siirt_Pistachio
67709236812591.875,Siirt_Pistachio
67709236812591.875,Siirt_Pistachio
67709236812591.875,Siirt_Pistachio
67709236812591.875,Siirt_Pistachio
67709236812591.875,Siirt_Pistachio
67709236812591.875,Siirt_Pistachio
67709236812591.875,Siirt_Pistachio
67709236812591.875,Siirt_Pistachio
67709236812591.875,Siirt_Pistachio
67709236812591.875,Siirt_Pistachio
67709236812591.875,Siirt_Pistachio
67709236812591.875,Siirt_Pistachio
67709236812591.875,Siirt_Pistachio
67709236812591.875,Siirt_Pistachio
67709236812591.875,Siirt_Pistachio
67709236812591.875,Siirt_Pistachio
67709236812591.875,Siirt_Pistachio
67709236812591.875,Siirt_Pistachio
67709236812591.875,Siirt_Pistachio
67709236812591.875,Siirt_Pistachio
67709236812591.875,Siirt_Pistachio
67709236812591.875,Siirt_Pistachio
67709236812591.875,Siirt_Pistachio
67709236812591.875,Siirt_Pistachio
67709236812591.875,Siirt_Pistachio
67709236812591.875,Siirt_Pistachio
67709236812591.875,Siirt_Pistachio
67709236812591.875,Siirt_Pistachio
67709236812591.875,Siirt_Pistachio
67709236812591.875,Siirt_Pistachio
67709236812591.875,Siirt_Pistachio
67709236812591.875,Siirt_Pistachio
67709236812591.875,Siirt_Pistachio
67709236812591.875,Siirt_Pistachio
67709236812591.875,Siirt_Pistachio
67709236812591.875,Siirt_Pistachio
67709236812591.875,Siirt_Pistachio
67709236812591.875,Siirt_Pistachio
67709236812591.875,Siirt_Pistachio
67709236812591.875,Siirt_Pistachio
67709236812591.875,Siirt_Pistachio
67709236812591.875,Siirt_Pistachio
67709236812591.875,Siirt_Pistachio
67709236812591.875,Siirt_Pistachio
67709236812591.875,Siirt_Pistachio
67709236812591.875,Siirt_Pistachio
67709236812591.875,Siirt_Pistachio
67709236812591.875,Siirt_Pistachio
67709236812591.875,Siirt_Pistachio
67709236812591.875,Siirt_Pistachio
67709236812591.875,Siirt_Pistachio
67709236812591.875,Siirt_Pistachio
67709236812591.875,Siirt_Pistachio
67709236812591.875,Siirt_Pistachio
67709236812591.875,Siirt_Pistachio
67709236812591.875,Siirt_Pistachio
67709236812591.875,Siirt_Pistachio
67709236812591.875,Siirt_Pistachio
67709236812591.875,Siirt_Pistachio
67709236812591.875,Siirt_Pistachio
67709236812591.875,Siirt_Pistachio
67709236812591.875,Siirt_Pistachio
67709236812591.875,Siirt_Pistachio
67709236812591.875,Siirt_Pistachio
67709236812591.875,Siirt_Pistachio
67709236812591.875,Siirt_Pistachio
67709236812591.875,Siirt_Pistachio
67709236812591.875,Siirt_Pistachio
67709236812591.875,Siirt_Pistachio
67709236812591.875,Siirt_Pistachio
67709236812591.875,Siirt_Pistachio
67709236812591.875,Siirt_Pistachio
67709236812591.875,Siirt_Pistachio
67709236812591.875,Siirt_Pistachio
67709236812591.875,Siirt_Pistachio
67709236812591.875,Siirt_Pistachio
67709236812591.875,Siirt_Pistachio
67709236812591.875,Siirt_Pistachio
67709236812591.875,Siirt_Pistachio
67709236812591.875,Siirt_Pistachio
67709236812591.875,Siirt_Pistachio
67709236812591.875,Siirt_Pistachio
67709236812591.875,Siirt_Pistachio
67709236812591.875,Siirt_Pistachio
67709236812591.875,Siirt_Pistachio
67709236812591.875,Siirt_Pistachio
67709236812591.875,Siirt_Pistachio
67709236812591.875,Siirt_Pistachio
67709236812591.875,Siirt_Pistachio
67709236812591.875,Siirt_Pistachio
67709236812591.875,Siirt_Pistachio
67709236812591.875,Siirt_Pistachio
67709236812591.875,Siirt_Pistachio
67709236812591.875,Siirt_Pistachio
67709236812591.875,Siirt_Pistachio
67709236812591.875,Siirt_Pistachio
67709236812591.875,Siirt_Pistachio
67709236812591.875,Siirt_Pistachio
67709236812591.875,Siirt_Pistachio
67709236812591.875,Siirt_Pistachio
67709236812591.875,Siirt_Pistachio
67709236812591.875,Siirt_Pistachio
67709236812591.875,Siirt_Pistachio
67709236812591.875,Siirt_Pistachio
67709236812591.875,Siirt_Pistachio
67709236812591.875,Siirt_Pistachio
67709236812591.875,Siirt_Pistachio
67709236812591.875,Siirt_Pistachio
67709236812591.875,Siirt_Pistachio
67709236812591.875,Siirt_Pistachio
67709236812591.875,Siirt_Pistachio
67709236812591.875,Siirt_Pistachio
67709236812591.875,Siirt_Pistachio
67709236812591.875,Siirt_Pistachio
67709236812591.875,Siirt_Pistachio
67709236812591.875,Siirt_Pistachio
67709236812591.875,Siirt_Pistachio
67709236812591.875,Siirt_Pistachio
67709236812591.875,Siirt_Pistachio
67709236812591.875,Siirt_Pistachio
67709236812591.875,Siirt_Pistachio
67709236812591.875,Siirt_Pistachio
67709236812591.875,Siirt_Pistachio
67709236812591.875,Siirt_Pistachio
67709236812591.875,Siirt_Pistachio
67709236812591.875,Siirt_Pistachio
67709236812591.875,Siirt_Pistachio
67709236812591.875,Siirt_Pistachio
67709236812591.875,Siirt_Pistachio
67709236812591.875,Siirt_Pistachio
67709236812591.875,Siirt_Pistachio
67709236812591.875,Siirt_Pistachio
67709236812591.875,Siirt_Pistachio
67709236812591.875,Siirt_Pistachio
67709236812591.875,Siirt_Pistachio
67709236812591.875,Siirt_Pistachio
67709236812591.875,Siirt_Pistachio
67709236812591.875,Siirt_Pistachio
67709236812591.875,Siirt_Pistachio
67709236812591.875,Siirt_Pistachio
67709236812591.875,Siirt_Pistachio
67709236812591.875,Siirt_Pistachio
67709236812591.875,Siirt_Pistachio
67709236812591.875,Siirt_Pistachio
67709236812591.875,Siirt_Pistachio
67709236812591.875,Siirt_Pistachio
67709236812591.875,Siirt_Pistachio
67709236812591.875,Siirt_Pistachio
67709236812591.875,Siirt_Pistachio
67709236812591.875,Siirt_Pistachio
67709236812591.875,Siirt_Pistachio
67709236812591.875,Siirt_Pistachio
67709236812591.875,Siirt_Pistachio
67709236812591.875,Siirt_Pistachio
67709236812591.875,Siirt_Pistachio
67709236812591.875,Siirt_Pistachio
67709236812591.875,Siirt_Pistachio
67709236812591.875,Siirt_Pistachio
67709236812591.875,Siirt_Pistachio
67709236812591.875,Siirt_Pistachio
67709236812591.875,Siirt_Pistachio
67709236812591.875,Siirt_Pistachio
67709236812591.875,Siirt_Pistachio
67709236812591.875,Siirt_Pistachio
67709236812591.875,Siirt_Pistachio
67709236812591.875,Siirt_Pistachio
67709236812591.875,Siirt_Pistachio
67709236812591.875,Siirt_Pistachio
67709236812591.875,Siirt_Pistachio
67709236812591.875,Siirt_Pistachio
67709236812591.875,Siirt_Pistachio
67709236812591.875,Siirt_Pistachio
67709236812591.875,Siirt_Pistachio
67709236812591.875,Siirt_Pistachio
67709236812591.875,Siirt_Pistachio
67709236812591.875,Siirt_Pistachio
67709236812591.875,Siirt_Pistachio
67709236812591.875,Siirt_Pistachio
67709236812591.875,Siirt_Pistachio
67709236812591.875,Siirt_Pistachio
67709236812591.875,Siirt_Pistachio
67709236812591.875,Siirt_Pistachio
67709236812591.875,Siirt_Pistachio
67709236812591.875,Siirt_Pistachio
67709236812591.875,Siirt_Pistachio
67709236812591.875,Siirt_Pistachio
67709236812591.875,Siirt_Pistachio
67709236812591.875,Siirt_Pistachio
67709236812591.875,Siirt_Pistachio
67709236812591.875,Siirt_Pistachio
67709236812591.875,Siirt_Pistachio
67709236812591.875,Siirt_Pistachio
67709236812591.875,Siirt_Pistachio
67709236812591.875,Siirt_Pistachio
67709236812591.875,Siirt_Pistachio
67709236812591.875,Siirt_Pistachio
67709236812591.875,Siirt_Pistachio
67709236812591.875,Siirt_Pistachio
67709236812591.875,Siirt_Pistachio
67709236812591.875,Siirt_Pistachio
67709236812591.875,Siirt_Pistachio
67709236812591.875,Siirt_Pistachio
67709236812591.875,Siirt_Pistachio
67709236812591.875,Siirt_Pistachio
67709236812591.875,Siirt_Pistachio
67709236812591.875,Siirt_Pistachio
67709236812591.875,Siirt_Pistachio
67709236812591.875,Siirt_Pistachio
67709236812591.875,Siirt_Pistachio
67709236812591.875,Siirt_Pistachio
67709236812591.875,Siirt_Pistachio
67709236812591.875,Siirt_Pistachio
67709236812591.875,Siirt_Pistachio
67709236812591.875,Siirt_Pistachio
67709236812591.875,Siirt_Pistachio
67709236812591.875,Siirt_Pistachio
67709236812591.875,Siirt_Pistachio
67709236812591.875,Siirt_Pistachio
67709236812591.875,Siirt_Pistachio
67709236812591.875,Siirt_Pistachio
67709236812591.875,Siirt_Pistachio
67709236812591.875,Siirt_Pistachio
67709236812591.875,Siirt_Pistachio
67709236812591.875,Siirt_Pistachio
67709236812591.875,Siirt_Pistachio
67709236812591.875,Siirt_Pistachio
67709236812591.875,Siirt_Pistachio
67709236812591.875,Siirt_Pistachio
67709236812591.875,Siirt_Pistachio
67709236812591.875,Siirt_Pistachio
67709236812591.875,Siirt_Pistachio
67709236812591.875,Siirt_Pistachio
67709236812591.875,Siirt_Pistachio
67709236812591.875,Siirt_Pistachio
67709236812591.875,Siirt_Pistachio
67709236812591.875,Siirt_Pistachio
67709236812591.875,Siirt_Pistachio
67709236812591.875,Siirt_Pistachio
67709236812591.875,Siirt_Pistachio
67709236812591.875,Siirt_Pistachio
67709236812591.875,Siirt_Pistachio
67709236812591.875,Siirt_Pistachio
67709236812591.875,Siirt_Pistachio
67709236812591.875,Siirt_Pistachio
67709236812591.875,Siirt_Pistachio
67709236812591.875,Siirt_Pistachio
67709236812591.875,Siirt_Pistachio
67709236812591.875,Siirt_Pistachio
67709236812591.875,Siirt_Pistachio
67709236812591.875,Siirt_Pistachio
67709236812591.875,Siirt_Pistachio
67709236812591.875,Siirt_Pistachio
67709236812591.875,Siirt_Pistachio
67709236812591.875,Siirt_Pistachio
67709236812591.875,Siirt_Pistachio
67709236812591.875,Siirt_Pistachio
67709236812591.875,Siirt_Pistachio
67709236812591.875,Siirt_Pistachio
67709236812591.875,Siirt_Pistachio
67709236812591.875,Siirt_Pistachio
67709236812591.875,Siirt_Pistachio
67709236812591.875,Siirt_Pistachio
67709236812591.875,Siirt_Pistachio
67709236812591.875,Siirt_Pistachio
67709236812591.875,Siirt_Pistachio
67709236812591.875,Siirt_Pistachio
67709236812591.875,Siirt_Pistachio
67709236812591.875,Siirt_Pistachio
67709236812591.875,Siirt_Pistachio
67709236812591.875,Siirt_Pistachio
67709236812591.875,Siirt_Pistachio
67709236812591.875,Siirt_Pistachio
67709236812591.875,Siirt_Pistachio
67709236812591.875,Siirt_Pistachio
67709236812591.875,Siirt_Pistachio
67709236812591.875,Siirt_Pistachio
67709236812591.875,Siirt_Pistachio
67709236812591.875,Siirt_Pistachio
67709236812591.875,Siirt_Pistachio
67709236812591.875,Siirt_Pistachio
67709236812591.875,Siirt_Pistachio
67709236812591.875,Siirt_Pistachio
67709236812591.875,Siirt_Pistachio
67709236812591.875,Siirt_Pistachio
67709236812591.875,Siirt_Pistachio
67709236812591.875,Siirt_Pistachio
67709236812591.875,Siirt_Pistachio
67709236812591.875,Siirt_Pistachio
67709236812591.875,Siirt_Pistachio
67709236812591.875,Siirt_Pistachio
67709236812591.875,Siirt_Pistachio
67709236812591.875,Siirt_Pistachio
67709236812591.875,Siirt_Pistachio
67709236812591.875,Siirt_Pistachio
67709236812591.875,Siirt_Pistachio
67709236812591.875,Siirt_Pistachio
67709236812591.875,Siirt_Pistachio
67709236812591.875,Siirt_Pistachio
67709236812591.875,Siirt_Pistachio
67709236812591.875,Siirt_Pistachio
67709236812591.875,Siirt_Pistachio
67709236812591.875,Siirt_Pistachio
67709236812591.875,Siirt_Pistachio
67709236812591.875,Siirt_Pistachio
67709236812591.875,Siirt_Pistachio
67709236812591.875,Siirt_Pistachio
67709236812591.875,Siirt_Pistachio
67709236812591.875,Siirt_Pistachio
67709236812591.875,Siirt_Pistachio
67709236812591.875,Siirt_Pistachio
67709236812591.875,Siirt_Pistachio
67709236812591.875,Siirt_Pistachio
67709236812591.875,Siirt_Pistachio
67709236812591.875,Siirt_Pistachio
67709236812591.875,Siirt_Pistachio
67709236812591.875,Siirt_Pistachio
67709236812591.875,Siirt_Pistachio
67709236812591.875,Siirt_Pistachio
67709236812591.875,Siirt_Pistachio
67709236812591.875,Siirt_Pistachio
67709236812591.875,Siirt_Pistachio
67709236812591.875,Siirt_Pistachio
67709236812591.875,Siirt_Pistachio
67709236812591.875,Siirt_Pistachio
67709236812591.875,Siirt_Pistachio
67709236812591.875,Siirt_Pistachio
67709236812591.875,Siirt_Pistachio
67709236812591.875,Siirt_Pistachio
67709236812591.875,Siirt_Pistachio
67709236812591.875,Siirt_Pistachio
67709236812591.875,Siirt_Pistachio
67709236812591.875,Siirt_Pistachio
67709236812591.875,Siirt_Pistachio
67709236812591.875,Siirt_Pistachio
67709236812591.875,Siirt_Pistachio
67709236812591.875,Siirt_Pistachio
67709236812591.875,Siirt_Pistachio
67709236812591.875,Siirt_Pistachio
67709236812591.875,Siirt_Pistachio
67709236812591.875,Siirt_Pistachio
67709236812591.875,Siirt_Pistachio
67709236812591.875,Siirt_Pistachio
67709236812591.875,Siirt_Pistachio
67709236812591.875,Siirt_Pistachio
67709236812591.875,Siirt_Pistachio
67709236812591.875,Siirt_Pistachio
67709236812591.875,Siirt_Pistachio
67709236812591.875,Siirt_Pistachio
67709236812591.875,Siirt_Pistachio
67709236812591.875,Siirt_Pistachio
67709236812591.875,Siirt_Pistachio
67709236812591.875,Siirt_Pistachio
67709236812591.875,Siirt_Pistachio
67709236812591.875,Siirt_Pistachio
67709236812591.875,Siirt_Pistachio
67709236812591.875,Siirt_Pistachio
67709236812591.875,Siirt_Pistachio
67709236812591.875,Siirt_Pistachio
67709236812591.875,Siirt_Pistachio
67709236812591.875,Siirt_Pistachio
67709236812591.875,Siirt_Pistachio
67709236812591.875,Siirt_Pistachio
67709236812591.875,Siirt_Pistachio
67709236812591.875,Siirt_Pistachio
67709236812591.875,Siirt_Pistachio
67709236812591.875,Siirt_Pistachio
67709236812591.875,Siirt_Pistachio
67709236812591.875,Siirt_Pistachio
67709236812591.875,Siirt_Pistachio
67709236812591.875,Siirt_Pistachio
67709236812591.875,Siirt_Pistachio
67709236812591.875,Siirt_Pistachio
67709236812591.875,Siirt_Pistachio
67709236812591.875,Siirt_Pistachio
67709236812591.875,Siirt_Pistachio
67709236812591.875,Siirt_Pistachio
67709236812591.875,Siirt_Pistachio
67709236812591.875,Siirt_Pistachio
67709236812591.875,Siirt_Pistachio
67709236812591.875,Siirt_Pistachio
67709236812591.875,Siirt_Pistachio
67709236812591.875,Siirt_Pistachio
67709236812591.875,Siirt_Pistachio
67709236812591.875,Siirt_Pistachio
67709236812591.875,Siirt_Pistachio
67709236812591.875,Siirt_Pistachio
67709236812591.875,Siirt_Pistachio
67709236812591.875,Siirt_Pistachio
67709236812591.875,Siirt_Pistachio
67709236812591.875,Siirt_Pistachio
67709236812591.875,Siirt_Pistachio
67709236812591.875,Siirt_Pistachio
67709236812591.875,Siirt_Pistachio
67709236812591.875,Siirt_Pistachio
67709236812591.875,Siirt_Pistachio
67709236812591.875,Siirt_Pistachio
67709236812591.875,Siirt_Pistachio
67709236812591.875,Siirt_Pistachio
67709236812591.875,Siirt_Pistachio
67709236812591.875,Siirt_Pistachio
67709236812591.875,Siirt_Pistachio
67709236812591.875,Siirt_Pistachio
67709236812591.875,Siirt_Pistachio
67709236812591.875,Siirt_Pistachio
67709236812591.875,Siirt_Pistachio
67709236812591.875,Siirt_Pistachio
67709236812591.875,Siirt_Pistachio
67709236812591.875,Siirt_Pistachio
67709236812591.875,Siirt_Pistachio
67709236812591.875,Siirt_Pistachio
67709236812591.875,Siirt_Pistachio
67709236812591.875,Siirt_Pistachio
67709236812591.875,Siirt_Pistachio
67709236812591.875,Siirt_Pistachio
67709236812591.875,Siirt_Pistachio
67709236812591.875,Siirt_Pistachio
67709236812591.875,Siirt_Pistachio
67709236812591.875,Siirt_Pistachio
67709236812591.875,Siirt_Pistachio
67709236812591.875,Siirt_Pistachio
67709236812591.875,Siirt_Pistachio
67709236812591.875,Siirt_Pistachio
67709236812591.875,Siirt_Pistachio
67709236812591.875,Siirt_Pistachio
67709236812591.875,Siirt_Pistachio
67709236812591.875,Siirt_Pistachio
67709236812591.875,Siirt_Pistachio
67709236812591.875,Siirt_Pistachio
67709236812591.875,Siirt_Pistachio
67709236812591.875,Siirt_Pistachio
67709236812591.875,Siirt_Pistachio
67709236812591.875,Siirt_Pistachio
67709236812591.875,Siirt_Pistachio
67709236812591.875,Siirt_Pistachio
67709236812591.875,Siirt_Pistachio
67709236812591.875,Siirt_Pistachio
67709236812591.875,Siirt_Pistachio
67709236812591.875,Siirt_Pistachio
67709236812591.875,Siirt_Pistachio
67709236812591.875,Siirt_Pistachio
67709236812591.875,Siirt_Pistachio
67709236812591.875,Siirt_Pistachio
67709236812591.875,Siirt_Pistachio
67709236812591.875,Siirt_Pistachio
67709236812591.875,Siirt_Pistachio
67709236812591.875,Siirt_Pistachio
67709236812591.875,Siirt_Pistachio
67709236812591.875,Siirt_Pistachio
67709236812591.875,Siirt_Pistachio
67709236812591.875,Siirt_Pistachio
67709236812591.875,Siirt_Pistachio
67709236812591.875,Siirt_Pistachio
67709236812591.875,Siirt_Pistachio
67709236812591.875,Siirt_Pistachio
67709236812591.875,Siirt_Pistachio
67709236812591.875,Siirt_Pistachio
67709236812591.875,Siirt_Pistachio
67709236812591.875,Siirt_Pistachio
67709236812591.875,Siirt_Pistachio
67709236812591.875,Siirt_Pistachio
67709236812591.875,Siirt_Pistachio
67709236812591.875,Siirt_Pistachio
67709236812591.875,Siirt_Pistachio
67709236812591.875,Siirt_Pistachio
67709236812591.875,Siirt_Pistachio
67709236812591.875,Siirt_Pistachio
67709236812591.875,Siirt_Pistachio
67709236812591.875,Siirt_Pistachio
67709236812591.875,Siirt_Pistachio
67709236812591.875,Siirt_Pistachio
67709236812591.875,Siirt_Pistachio
67709236812591.875,Siirt_Pistachio
67709236812591.875,Siirt_Pistachio
67709236812591.875,Siirt_Pistachio
67709236812591.875,Siirt_Pistachio
67709236812591.875,Siirt_Pistachio
67709236812591.875,Siirt_Pistachio
67709236812591.875,Siirt_Pistachio
67709236812591.875,Siirt_Pistachio
67709236812591.875,Siirt_Pistachio
67709236812591.875,Siirt_Pistachio
67709236812591.875,Siirt_Pistachio
67709236812591.875,Siirt_Pistachio
67709236812591.875,Siirt_Pistachio
67709236812591.875,Siirt_Pistachio
67709236812591.875,Siirt_Pistachio
67709236812591.875,Siirt_Pistachio
67709236812591.875,Siirt_Pistachio
67709236812591.875,Siirt_Pistachio
67709236812591.875,Siirt_Pistachio
67709236812591.875,Siirt_Pistachio
67709236812591.875,Siirt_Pistachio
67709236812591.875,Siirt_Pistachio
67709236812591.875,Siirt_Pistachio
67709236812591.875,Siirt_Pistachio
67709236812591.875,Siirt_Pistachio
67709236812591.875,Siirt_Pistachio
67709236812591.875,Siirt_Pistachio
67709236812591.875,Siirt_Pistachio
67709236812591.875,Siirt_Pistachio
67709236812591.875,Siirt_Pistachio
67709236812591.875,Siirt_Pistachio
67709236812591.875,Siirt_Pistachio
67709236812591.875,Siirt_Pistachio
67709236812591.875,Siirt_Pistachio
67709236812591.875,Siirt_Pistachio
67709236812591.875,Siirt_Pistachio
67709236812591.875,Siirt_Pistachio
67709236812591.875,Siirt_Pistachio
67709236812591.875,Siirt_Pistachio
67709236812591.875,Siirt_Pistachio
67709236812591.875,Siirt_Pistachio
67709236812591.875,Siirt_Pistachio
67709236812591.875,Siirt_Pistachio
67709236812591.875,Siirt_Pistachio
67709236812591.875,Siirt_Pistachio
67709236812591.875,Siirt_Pistachio
67709236812591.875,Siirt_Pistachio
67709236812591.875,Siirt_Pistachio
67709236812591.875,Siirt_Pistachio
67709236812591.875,Siirt_Pistachio
67709236812591.875,Siirt_Pistachio
67709236812591.875,Siirt_Pistachio
67709236812591.875,Siirt_Pistachio
67709236812591.875,Siirt_Pistachio
67709236812591.875,Siirt_Pistachio
67709236812591.875,Siirt_Pistachio
67709236812591.875,Siirt_Pistachio
67709236812591.875,Siirt_Pistachio
67709236812591.875,Siirt_Pistachio
67709236812591.875,Siirt_Pistachio
67709236812591.875,Siirt_Pistachio
67709236812591.875,Siirt_Pistachio
67709236812591.875,Siirt_Pistachio
67709236812591.875,Siirt_Pistachio
67709236812591.875,Siirt_Pistachio
67709236812591.875,Siirt_Pistachio
67709236812591.875,Siirt_Pistachio
67709236812591.875,Siirt_Pistachio
67709236812591.875,Siirt_Pistachio
67709236812591.875,Siirt_Pistachio
67709236812591.875,Siirt_Pistachio
67709236812591.875,Siirt_Pistachio
67709236812591.875,Siirt_Pistachio
67709236812591.875,Siirt_Pistachio
67709236812591.875,Siirt_Pistachio
67709236812591.875,Siirt_Pistachio
67709236812591.875,Siirt_Pistachio
67709236812591.875,Siirt_Pistachio
67709236812591.875,Siirt_Pistachio
67709236812591.875,Siirt_Pistachio
67709236812591.875,Siirt_Pistachio
67709236812591.875,Siirt_Pistachio
67709236812591.875,Siirt_Pistachio
67709236812591.875,Siirt_Pistachio
67709236812591.875,Siirt_Pistachio
67709236812591.875,Siirt_Pistachio
67709236812591.875,Siirt_Pistachio
67709236812591.875,Siirt_Pistachio
67709236812591.875,Siirt_Pistachio
67709236812591.875,Siirt_Pistachio
67709236812591.875,Siirt_Pistachio
67709236812591.875,Siirt_Pistachio
67709236812591.875,Siirt_Pistachio
67709236812591.875,Siirt_Pistachio
67709236812591.875,Siirt_Pistachio
67709236812591.875,Siirt_Pistachio
67709236812591.875,Siirt_Pistachio
67709236812591.875,Siirt_Pistachio
67709236812591.875,Siirt_Pistachio
67709236812591.875,Siirt_Pistachio
67709236812591.875,Siirt_Pistachio
67709236812591.875,Siirt_Pistachio
67709236812591.875,Siirt_Pistachio
67709236812591.875,Siirt_Pistachio
67709236812591.875,Siirt_Pistachio
67709236812591.875,Siirt_Pistachio
67709236812591.875,Siirt_Pistachio
67709236812591.875,Siirt_Pistachio
67709236812591.875,Siirt_Pistachio
67709236812591.875,Siirt_Pistachio
67709236812591.875,Siirt_Pistachio
67709236812591.875,Siirt_Pistachio
67709236812591.875,Siirt_Pistachio
67709236812591.875,Siirt_Pistachio
67709236812591.875,Siirt_Pistachio
67709236812591.875,Siirt_Pistachio
67709236812591.875,Siirt_Pistachio
67709236812591.875,Siirt_Pistachio
67709236812591.875,Siirt_Pistachio
67709236812591.875,Siirt_Pistachio
67709236812591.875,Siirt_Pistachio
67709236812591.875,Siirt_Pistachio
67709236812591.875,Siirt_Pistachio
67709236812591.875,Siirt_Pistachio
67709236812591.875,Siirt_Pistachio
67709236812591.875,Siirt_Pistachio
67709236812591.875,Siirt_Pistachio
67709236812591.875,Siirt_Pistachio
67709236812591.875,Siirt_Pistachio
67709236812591.875,Siirt_Pistachio
67709236812591.875,Siirt_Pistachio
67709236812591.875,Siirt_Pistachio
67709236812591.875,Siirt_Pistachio
67709236812591.875,Siirt_Pistachio
67709236812591.875,Siirt_Pistachio
67709236812591.875,Siirt_Pistachio
67709236812591.875,Siirt_Pistachio
67709236812591.875,Siirt_Pistachio
67709236812591.875,Siirt_Pistachio
67709236812591.875,Siirt_Pistachio
67709236812591.875,Siirt_Pistachio
67709236812591.875,Siirt_Pistachio
67709236812591.875,Siirt_Pistachio
67709236812591.875,Siirt_Pistachio
67709236812591.875,Siirt_Pistachio
67709236812591.875,Siirt_Pistachio
67709236812591.875,Siirt_Pistachio
67709236812591.875,Siirt_Pistachio
67709236812591.875,Siirt_Pistachio
67709236812591.875,Siirt_Pistachio
67709236812591.875,Siirt_Pistachio
67709236812591.875,Siirt_Pistachio
67709236812591.875,Siirt_Pistachio
67709236812591.875,Siirt_Pistachio
67709236812591.875,Siirt_Pistachio
67709236812591.875,Siirt_Pistachio
67709236812591.875,Siirt_Pistachio
67709236812591.875,Siirt_Pistachio
67709236812591.875,Siirt_Pistachio
67709236812591.875,Siirt_Pistachio
67709236812591.875,Siirt_Pistachio
67709236812591.875,Siirt_Pistachio
67709236812591.875,Siirt_Pistachio
67709236812591.875,Siirt_Pistachio
67709236812591.875,Siirt_Pistachio
67709236812591.875,Siirt_Pistachio
67709236812591.875,Siirt_Pistachio
67709236812591.875,Siirt_Pistachio
67709236812591.875,Siirt_Pistachio
67709236812591.875,Siirt_Pistachio
67709236812591.875,Siirt_Pistachio
67709236812591.875,Siirt_Pistachio
67709236812591.875,Siirt_Pistachio
67709236812591.875,Siirt_Pistachio
67709236812591.875,Siirt_Pistachio
67709236812591.875,Siirt_Pistachio
67709236812591.875,Siirt_Pistachio
67709236812591.875,Siirt_Pistachio
67709236812591.875,Siirt_Pistachio
67709236812591.875,Siirt_Pistachio
67709236812591.875,Siirt_Pistachio
67709236812591.875,Siirt_Pistachio
67709236812591.875,Siirt_Pistachio
67709236812591.875,Siirt_Pistachio
67709236812591.875,Siirt_Pistachio
67709236812591.875,Siirt_Pistachio
67709236812591.875,Siirt_Pistachio
67709236812591.875,Siirt_Pistachio
67709236812591.875,Siirt_Pistachio
67709236812591.875,Siirt_Pistachio
67709236812591.875,Siirt_Pistachio
67709236812591.875,Siirt_Pistachio
67709236812591.875,Siirt_Pistachio
67709236812591.875,Siirt_Pistachio
67709236812591.875,Siirt_Pistachio
67709236812591.875,Siirt_Pistachio
67709236812591.875,Siirt_Pistachio
67709236812591.875,Siirt_Pistachio
67709236812591.875,Siirt_Pistachio
67709236812591.875,Siirt_Pistachio
67709236812591.875,Siirt_Pistachio
67709236812591.875,Siirt_Pistachio
67709236812591.875,Siirt_Pistachio
67709236812591.875,Siirt_Pistachio
67709236812591.875,Siirt_Pistachio
67709236812591.875,Siirt_Pistachio
67709236812591.875,Siirt_Pistachio
67709236812591.875,Siirt_Pistachio
67709236812591.875,Siirt_Pistachio
67709236812591.875,Siirt_Pistachio
67709236812591.875,Siirt_Pistachio
67709236812591.875,Siirt_Pistachio
67709236812591.875,Siirt_Pistachio
67709236812591.875,Siirt_Pistachio
67709236812591.875,Siirt_Pistachio
67709236812591.875,Siirt_Pistachio
67709236812591.875,Siirt_Pistachio
67709236812591.875,Siirt_Pistachio
67709236812591.875,Siirt_Pistachio
67709236812591.875,Siirt_Pistachio
67709236812591.875,Siirt_Pistachio
67709236812591.875,Siirt_Pistachio
67709236812591.875,Siirt_Pistachio
67709236812591.875,Siirt_Pistachio
67709236812591.875,Siirt_Pistachio
67709236812591.875,Siirt_Pistachio
67709236812591.875,Siirt_Pistachio
67709236812591.875,Siirt_Pistachio
67709236812591.875,Siirt_Pistachio
67709236812591.875,Siirt_Pistachio
67709236812591.875,Siirt_Pistachio
67709236812591.875,Siirt_Pistachio
67709236812591.875,Siirt_Pistachio
67709236812591.875,Siirt_Pistachio
67709236812591.875,Siirt_Pistachio
67709236812591.875,Siirt_Pistachio
67709236812591.875,Siirt_Pistachio
67709236812591.875,Siirt_Pistachio
67709236812591.875,Siirt_Pistachio
67709236812591.875,Siirt_Pistachio
67709236812591.875,Siirt_Pistachio
67709236812591.875,Siirt_Pistachio
67709236812591.875,Siirt_Pistachio
67709236812591.875,Siirt_Pistachio
67709236812591.875,Siirt_Pistachio
67709236812591.875,Siirt_Pistachio
67709236812591.875,Siirt_Pistachio
67709236812591.875,Siirt_Pistachio
67709236812591.875,Siirt_Pistachio
67709236812591.875,Siirt_Pistachio
67709236812591.875,Siirt_Pistachio
67709236812591.875,Siirt_Pistachio
67709236812591.875,Siirt_Pistachio
67709236812591.875,Siirt_Pistachio
67709236812591.875,Siirt_Pistachio
67709236812591.875,Siirt_Pistachio
67709236812591.875,Siirt_Pistachio
67709236812591.875,Siirt_Pistachio
67709236812591.875,Siirt_Pistachio
67709236812591.875,Siirt_Pistachio
67709236812591.875,Siirt_Pistachio
67709236812591.875,Siirt_Pistachio
67709236812591.875,Siirt_Pistachio
67709236812591.875,Siirt_Pistachio
67709236812591.875,Siirt_Pistachio
67709236812591.875,Siirt_Pistachio
67709236812591.875,Siirt_Pistachio
67709236812591.875,Siirt_Pistachio
67709236812591.875,Siirt_Pistachio
67709236812591.875,Siirt_Pistachio
67709236812591.875,Siirt_Pistachio
67709236812591.875,Siirt_Pistachio
67709236812591.875,Siirt_Pistachio
67709236812591.875,Siirt_Pistachio
67709236812591.875,Siirt_Pistachio
67709236812591.875,Siirt_Pistachio
67709236812591.875,Siirt_Pistachio
67709236812591.875,Siirt_Pistachio
67709236812591.875,Siirt_Pistachio
67709236812591.875,Siirt_Pistachio
67709236812591.875,Siirt_Pistachio
67709236812591.875,Siirt_Pistachio
67709236812591.875,Siirt_Pistachio
67709236812591.875,Siirt_Pistachio
67709236812591.875,Siirt_Pistachio
67709236812591.875,Siirt_Pistachio
67709236812591.875,Siirt_Pistachio
67709236812591.875,Siirt_Pistachio
67709236812591.875,Siirt_Pistachio
67709236812591.875,Siirt_Pistachio
67709236812591.875,Siirt_Pistachio
